﻿<?xml version="1.0" encoding="utf-8"?>
<doc>
  <assembly>
    <name>Microsoft.SqlServer.FileSystemTask</name>
  </assembly>
  <members>
    <member name="M:Microsoft.SqlServer.Dts.Tasks.FileSystemTask.FileSystemTask.#ctor">
      <summary>Initializes a new instance of the <see cref="T:Microsoft.SqlServer.Dts.Tasks.FileSystemTask.FileSystemTask" /> class. </summary>
    </member>
    <member name="M:Microsoft.SqlServer.Dts.Tasks.FileSystemTask.FileSystemTask.AcceptBreakpointManager(Microsoft.SqlServer.Dts.Runtime.BreakpointManager)">
      <summary>Passes a <see cref="T:Microsoft.SqlServer.Dts.Runtime.BreakpointManager" /> to the task. This method is called by the runtime and is not used in code.</summary>
      <param name="manager">The breakpoint manager specific to this task.</param>
    </member>
    <member name="M:Microsoft.SqlServer.Dts.Tasks.FileSystemTask.FileSystemTask.Execute(Microsoft.SqlServer.Dts.Runtime.Connections,Microsoft.SqlServer.Dts.Runtime.VariableDispenser,Microsoft.SqlServer.Dts.Runtime.IDTSComponentEvents,Microsoft.SqlServer.Dts.Runtime.IDTSLogging,System.Object)">
      <summary>Runs the task.</summary>
      <param name="connections">A collection of connections used by the task.</param>
      <param name="variableDispenser">A <see cref="T:Microsoft.SqlServer.Dts.Runtime.VariableDispenser" /> object for locking variables.</param>
      <param name="events">An object that implements the <see cref="T:Microsoft.SqlServer.Dts.Runtime.IDTSComponentEvents" /> interface.</param>
      <param name="log">An object that implements the <see cref="T:Microsoft.SqlServer.Dts.Runtime.IDTSLogging" /> interface.</param>
      <param name="txn">The transaction object that the container is a part of. This value can be null.</param>
      <returns>A value from the <see cref="T:Microsoft.SqlServer.Dts.Runtime.DTSExecResult" /> enumeration.</returns>
    </member>
    <member name="M:Microsoft.SqlServer.Dts.Tasks.FileSystemTask.FileSystemTask.InitializeTask(Microsoft.SqlServer.Dts.Runtime.Connections,Microsoft.SqlServer.Dts.Runtime.VariableDispenser,Microsoft.SqlServer.Dts.Runtime.IDTSInfoEvents,Microsoft.SqlServer.Dts.Runtime.IDTSLogging,Microsoft.SqlServer.Dts.Runtime.EventInfos,Microsoft.SqlServer.Dts.Runtime.LogEntryInfos,Microsoft.SqlServer.Dts.Runtime.ObjectReferenceTracker)">
      <summary>Initializes the properties associated with the task. This method is called by the runtime and is not used in code.</summary>
      <param name="connections">A collection of connections used by the task.</param>
      <param name="variableDispenser">A <see cref="T:Microsoft.SqlServer.Dts.Runtime.VariableDispenser" /> object for locking variables.</param>
      <param name="events">An object that implements the <see cref="T:Microsoft.SqlServer.Dts.Runtime.IDTSInfoEvents" /> interface for raising events (errors, warnings, and so on) during persistence.</param>
      <param name="log">An object that implements the <see cref="T:Microsoft.SqlServer.Dts.Runtime.IDTSLogging" /> interface.</param>
      <param name="eventInfos">An <see cref="T:Microsoft.SqlServer.Dts.Runtime.EventInfos" />.</param>
      <param name="logEntryInfos">The<see cref="T:Microsoft.SqlServer.Dts.Runtime.LogEntryInfos" /> collection used by the task.</param>
      <param name="refTracker">An object reference tracker.</param>
    </member>
    <member name="M:Microsoft.SqlServer.Dts.Tasks.FileSystemTask.FileSystemTask.LoadFromXML(System.Xml.XmlElement,Microsoft.SqlServer.Dts.Runtime.IDTSInfoEvents)">
      <summary>This method is not callable by your application code. To load a package that is saved as .xml to the hard drive, use the <see cref="M:Microsoft.SqlServer.Dts.Runtime.Application.LoadPackage(System.String,Microsoft.SqlServer.Dts.Runtime.IDTSEvents)" /> method.</summary>
      <param name="rootNode">The node containing the information to be loaded.</param>
      <param name="events">An object that implements the <see cref="T:Microsoft.SqlServer.Dts.Runtime.IDTSInfoEvents" /> interface for raising events (errors, warnings, and so on) during persistence.</param>
    </member>
    <member name="M:Microsoft.SqlServer.Dts.Tasks.FileSystemTask.FileSystemTask.ResumeExecution">
      <summary>Resumes execution of the task after pausing. The task or container is resumed by the runtime engine.</summary>
    </member>
    <member name="M:Microsoft.SqlServer.Dts.Tasks.FileSystemTask.FileSystemTask.SaveToXML(System.Xml.XmlDocument,Microsoft.SqlServer.Dts.Runtime.IDTSInfoEvents)">
      <summary>This method is not callable by your application code. To save a package as .xml, use the <see cref="M:Microsoft.SqlServer.Dts.Runtime.Application.SaveToXml(System.String,Microsoft.SqlServer.Dts.Runtime.Package,Microsoft.SqlServer.Dts.Runtime.IDTSEvents)" /> method.</summary>
      <param name="doc">The XML document to which to save the information.</param>
      <param name="events">An object that implements the <see cref="T:Microsoft.SqlServer.Dts.Runtime.IDTSInfoEvents" /> interface for raising events (errors, warnings, and so on) during persistence.</param>
    </member>
    <member name="M:Microsoft.SqlServer.Dts.Tasks.FileSystemTask.FileSystemTask.SuspendExecution">
      <summary>Indicates that the executable needs to suspend. This method is called by the runtime engine. </summary>
    </member>
    <member name="M:Microsoft.SqlServer.Dts.Tasks.FileSystemTask.FileSystemTask.Validate(Microsoft.SqlServer.Dts.Runtime.Connections,Microsoft.SqlServer.Dts.Runtime.VariableDispenser,Microsoft.SqlServer.Dts.Runtime.IDTSComponentEvents,Microsoft.SqlServer.Dts.Runtime.IDTSLogging)">
      <summary>Verifies that the task is properly configured.</summary>
      <param name="connections">A collection of connections used by the task.</param>
      <param name="variableDispenser">A <see cref="T:Microsoft.SqlServer.Dts.Runtime.VariableDispenser" /> object for locking variables.</param>
      <param name="events">An object that implements the <see cref="T:Microsoft.SqlServer.Dts.Runtime.IDTSComponentEvents" /> interface.</param>
      <param name="log">An object that implements the <see cref="T:Microsoft.SqlServer.Dts.Runtime.IDTSLogging" /> interface.</param>
      <returns>A value from the <see cref="T:Microsoft.SqlServer.Dts.Runtime.DTSExecResult" /> enumeration.</returns>
    </member>
    <member name="P:Microsoft.SqlServer.Dts.Tasks.FileSystemTask.FileSystemTask.Attributes">
      <summary>Gets or sets the attributes to apply to the file or directory.</summary>
      <returns>The <see cref="T:Microsoft.SqlServer.Dts.Tasks.FileSystemTask.DTSFileSystemAttributes" /> to apply to the file or directory.</returns>
    </member>
    <member name="P:Microsoft.SqlServer.Dts.Tasks.FileSystemTask.FileSystemTask.DebugMode">
      <summary>A Boolean indicating if a task should check if breakpoints are enabled.</summary>
      <returns>true if the task should check for enabled breakpoints; otherwise false.</returns>
    </member>
    <member name="P:Microsoft.SqlServer.Dts.Tasks.FileSystemTask.FileSystemTask.Destination">
      <summary>Gets or sets the destination folder or file. </summary>
      <returns>A String that contains the connection manager or variable that contains the destination folder or file information.</returns>
    </member>
    <member name="P:Microsoft.SqlServer.Dts.Tasks.FileSystemTask.FileSystemTask.ExecutionValue">
      <summary>Returns the number of successful operations performed by the task. This field is read-only.</summary>
      <returns>An Integer indicating the number of successful operations performed by the task. For files, it represents the number of files affected by the operation. If the operation affects only one directory, the number returned is 1.</returns>
    </member>
    <member name="P:Microsoft.SqlServer.Dts.Tasks.FileSystemTask.FileSystemTask.IsDestinationPathVariable">
      <summary>Gets or sets a Boolean that indicates whether <see cref="P:Microsoft.SqlServer.Dts.Tasks.FileSystemTask.FileSystemTask.Destination" /> information is located in a package variable.</summary>
      <returns>true if the <see cref="P:Microsoft.SqlServer.Dts.Tasks.FileSystemTask.FileSystemTask.Destination" /> information is found in a package variable; false if the destination is a FILE connection manager.</returns>
    </member>
    <member name="P:Microsoft.SqlServer.Dts.Tasks.FileSystemTask.FileSystemTask.IsSourcePathVariable">
      <summary>Gets or sets a Boolean that indicates whether <see cref="P:Microsoft.SqlServer.Dts.Tasks.FileSystemTask.FileSystemTask.Source" /> information is located in a package variable.</summary>
      <returns>true if the <see cref="P:Microsoft.SqlServer.Dts.Tasks.FileSystemTask.FileSystemTask.Source" /> information is found in a package variable; false if the source is a FILE connection manager.</returns>
    </member>
    <member name="P:Microsoft.SqlServer.Dts.Tasks.FileSystemTask.FileSystemTask.Operation">
      <summary>Gets or sets a value from the <see cref="T:Microsoft.SqlServer.Dts.Tasks.FileSystemTask.DTSFileSystemOperation" /> enumeration that determines the type of operation to perform. </summary>
      <returns>A value from the <see cref="T:Microsoft.SqlServer.Dts.Tasks.FileSystemTask.DTSFileSystemOperation" /> enumeration indicating the type of operation to perform.</returns>
    </member>
    <member name="P:Microsoft.SqlServer.Dts.Tasks.FileSystemTask.FileSystemTask.OperationName">
      <summary>Gets or sets the name of the task.</summary>
      <returns>The name of the operation.</returns>
    </member>
    <member name="P:Microsoft.SqlServer.Dts.Tasks.FileSystemTask.FileSystemTask.OverwriteDestinationFile">
      <summary>Gets or sets a Boolean that indicates whether the task will overwrite destination files.</summary>
      <returns>true if the task will overwrite destination files; false otherwise.</returns>
    </member>
    <member name="P:Microsoft.SqlServer.Dts.Tasks.FileSystemTask.FileSystemTask.PreservedAttributes">
      <summary>Gets or sets the Data Transformation Services preserved attributes.</summary>
      <returns>The Data Transformation Services preserved attributes.</returns>
    </member>
    <member name="P:Microsoft.SqlServer.Dts.Tasks.FileSystemTask.FileSystemTask.Source">
      <summary>Gets or sets the source file or directory. If <see cref="P:Microsoft.SqlServer.Dts.Tasks.FileSystemTask.FileSystemTask.IsSourcePathVariable" /> is set to true, gets or sets the package variable name representing the source file or directory.</summary>
      <returns>A String that contains the connection manager or variable that contains the source folder or file information.</returns>
    </member>
    <member name="P:Microsoft.SqlServer.Dts.Tasks.FileSystemTask.FileSystemTask.SuspendRequired">
      <summary>Gets or sets a Boolean that indicates if tasks should suspend when they encounter a breakpoint. This value is set by the runtime engine for tasks and containers when a breakpoint is encountered.</summary>
      <returns>true if the task suspends when it encounters a breakpoint.</returns>
    </member>
    <member name="P:Microsoft.SqlServer.Dts.Tasks.FileSystemTask.IDTSFileSystemTask.Attributes">
      <summary>Gets or sets the attributes to apply to the file or directory.</summary>
      <returns>A valid value from the <see cref="T:Microsoft.SqlServer.Dts.Tasks.FileSystemTask.DTSFileSystemAttributes" /> enumeration that indicates the attributes to apply to the file or directory.</returns>
    </member>
    <member name="P:Microsoft.SqlServer.Dts.Tasks.FileSystemTask.IDTSFileSystemTask.Destination">
      <summary>Gets or sets the destination folder or file.</summary>
      <returns>The destination folder or file information.</returns>
    </member>
    <member name="P:Microsoft.SqlServer.Dts.Tasks.FileSystemTask.IDTSFileSystemTask.IsDestinationPathVariable">
      <summary>Gets or sets a value that indicates whether destination information is located in a package variable.</summary>
      <returns>true if the destination information is found in a package variable; false if the destination is a FILE connection.</returns>
    </member>
    <member name="P:Microsoft.SqlServer.Dts.Tasks.FileSystemTask.IDTSFileSystemTask.IsSourcePathVariable">
      <summary>Gets or sets a value that indicates whether the source information is located in a package variable.</summary>
      <returns>true if the source information is found in a package variable; false if the source is a FILE connection manager.</returns>
    </member>
    <member name="P:Microsoft.SqlServer.Dts.Tasks.FileSystemTask.IDTSFileSystemTask.Operation">
      <summary>Gets or sets the type of operation to perform.</summary>
      <returns>A value from the <see cref="T:Microsoft.SqlServer.Dts.Tasks.FileSystemTask.DTSFileSystemOperation" /> enumeration that indicates the type of operation to perform.</returns>
    </member>
    <member name="P:Microsoft.SqlServer.Dts.Tasks.FileSystemTask.IDTSFileSystemTask.OperationName">
      <summary>Gets or sets the name of the operation.</summary>
      <returns>The name of the operation.</returns>
    </member>
    <member name="P:Microsoft.SqlServer.Dts.Tasks.FileSystemTask.IDTSFileSystemTask.OverwriteDestinationFile">
      <summary>Gets or sets a value that indicates whether the task will overwrite destination files.</summary>
      <returns>true if the task will overwrite destination files; otherwise, false.</returns>
    </member>
    <member name="P:Microsoft.SqlServer.Dts.Tasks.FileSystemTask.IDTSFileSystemTask.Source">
      <summary>Gets or sets the source file or directory.</summary>
      <returns>The source folder or file information.</returns>
    </member>
    <member name="T:Microsoft.SqlServer.Dts.Tasks.FileSystemTask.DTSFileSystemAttributes">
      <summary>Determines the attribute to set on the file or directory.</summary>
    </member>
    <member name="F:Microsoft.SqlServer.Dts.Tasks.FileSystemTask.DTSFileSystemAttributes.Normal">
      <summary>The file or directory has no other attributes set. This is valid only if used alone.</summary>
    </member>
    <member name="F:Microsoft.SqlServer.Dts.Tasks.FileSystemTask.DTSFileSystemAttributes.Archive">
      <summary>The file or directory is ready for archiving.</summary>
    </member>
    <member name="F:Microsoft.SqlServer.Dts.Tasks.FileSystemTask.DTSFileSystemAttributes.Hidden">
      <summary>The file or directory is not visible.</summary>
    </member>
    <member name="F:Microsoft.SqlServer.Dts.Tasks.FileSystemTask.DTSFileSystemAttributes.ReadOnly">
      <summary>The file or directory is read-only.</summary>
    </member>
    <member name="F:Microsoft.SqlServer.Dts.Tasks.FileSystemTask.DTSFileSystemAttributes.System">
      <summary>The file or directory is an operating system file.</summary>
    </member>
    <member name="T:Microsoft.SqlServer.Dts.Tasks.FileSystemTask.DTSFileSystemOperation">
      <summary>Indicates the file-system operation to perform.</summary>
    </member>
    <member name="F:Microsoft.SqlServer.Dts.Tasks.FileSystemTask.DTSFileSystemOperation.CopyFile">
      <summary>The <see cref="T:Microsoft.SqlServer.Dts.Tasks.FileSystemTask.FileSystemTask" /> will copy a file. Both <see cref="P:Microsoft.SqlServer.Dts.Tasks.FileSystemTask.FileSystemTask.IsDestinationPathVariable" /> and <see cref="P:Microsoft.SqlServer.Dts.Tasks.FileSystemTask.FileSystemTask.IsSourcePathVariable" /> must be set.</summary>
    </member>
    <member name="F:Microsoft.SqlServer.Dts.Tasks.FileSystemTask.DTSFileSystemOperation.MoveFile">
      <summary>The <see cref="T:Microsoft.SqlServer.Dts.Tasks.FileSystemTask.FileSystemTask" /> will move a file. Both <see cref="P:Microsoft.SqlServer.Dts.Tasks.FileSystemTask.FileSystemTask.IsDestinationPathVariable" /> and <see cref="P:Microsoft.SqlServer.Dts.Tasks.FileSystemTask.FileSystemTask.IsSourcePathVariable" /> must be set.</summary>
    </member>
    <member name="F:Microsoft.SqlServer.Dts.Tasks.FileSystemTask.DTSFileSystemOperation.DeleteFile">
      <summary>The <see cref="T:Microsoft.SqlServer.Dts.Tasks.FileSystemTask.FileSystemTask" /> will delete a file. <see cref="P:Microsoft.SqlServer.Dts.Tasks.FileSystemTask.FileSystemTask.IsSourcePathVariable" /> must be set.</summary>
    </member>
    <member name="F:Microsoft.SqlServer.Dts.Tasks.FileSystemTask.DTSFileSystemOperation.RenameFile">
      <summary>The <see cref="T:Microsoft.SqlServer.Dts.Tasks.FileSystemTask.FileSystemTask" /> will rename a file. Both <see cref="P:Microsoft.SqlServer.Dts.Tasks.FileSystemTask.FileSystemTask.IsDestinationPathVariable" /> and <see cref="P:Microsoft.SqlServer.Dts.Tasks.FileSystemTask.FileSystemTask.IsSourcePathVariable" /> must be set.</summary>
    </member>
    <member name="F:Microsoft.SqlServer.Dts.Tasks.FileSystemTask.DTSFileSystemOperation.SetAttributes">
      <summary>The <see cref="T:Microsoft.SqlServer.Dts.Tasks.FileSystemTask.FileSystemTask" /> will set the attributes of a file or directory. Both <see cref="P:Microsoft.SqlServer.Dts.Tasks.FileSystemTask.FileSystemTask.IsDestinationPathVariable" /> and <see cref="P:Microsoft.SqlServer.Dts.Tasks.FileSystemTask.FileSystemTask.IsSourcePathVariable" /> must be set.</summary>
    </member>
    <member name="F:Microsoft.SqlServer.Dts.Tasks.FileSystemTask.DTSFileSystemOperation.CreateDirectory">
      <summary>The <see cref="T:Microsoft.SqlServer.Dts.Tasks.FileSystemTask.FileSystemTask" /> will create a directory. <see cref="P:Microsoft.SqlServer.Dts.Tasks.FileSystemTask.FileSystemTask.IsSourcePathVariable" /> must be set.</summary>
    </member>
    <member name="F:Microsoft.SqlServer.Dts.Tasks.FileSystemTask.DTSFileSystemOperation.CopyDirectory">
      <summary>The <see cref="T:Microsoft.SqlServer.Dts.Tasks.FileSystemTask.FileSystemTask" /> will copy a directory. Both <see cref="P:Microsoft.SqlServer.Dts.Tasks.FileSystemTask.FileSystemTask.IsDestinationPathVariable" /> and <see cref="P:Microsoft.SqlServer.Dts.Tasks.FileSystemTask.FileSystemTask.IsSourcePathVariable" /> must be set.</summary>
    </member>
    <member name="F:Microsoft.SqlServer.Dts.Tasks.FileSystemTask.DTSFileSystemOperation.MoveDirectory">
      <summary>The <see cref="T:Microsoft.SqlServer.Dts.Tasks.FileSystemTask.FileSystemTask" /> will move a directory. Both <see cref="P:Microsoft.SqlServer.Dts.Tasks.FileSystemTask.FileSystemTask.IsDestinationPathVariable" /> and <see cref="P:Microsoft.SqlServer.Dts.Tasks.FileSystemTask.FileSystemTask.IsSourcePathVariable" /> must be set.</summary>
    </member>
    <member name="F:Microsoft.SqlServer.Dts.Tasks.FileSystemTask.DTSFileSystemOperation.DeleteDirectory">
      <summary>The <see cref="T:Microsoft.SqlServer.Dts.Tasks.FileSystemTask.FileSystemTask" /> will delete a directory. <see cref="P:Microsoft.SqlServer.Dts.Tasks.FileSystemTask.FileSystemTask.IsSourcePathVariable" /> must be set.</summary>
    </member>
    <member name="F:Microsoft.SqlServer.Dts.Tasks.FileSystemTask.DTSFileSystemOperation.DeleteDirectoryContent">
      <summary>The <see cref="T:Microsoft.SqlServer.Dts.Tasks.FileSystemTask.FileSystemTask" /> will delete the content of a directory. <see cref="P:Microsoft.SqlServer.Dts.Tasks.FileSystemTask.FileSystemTask.IsSourcePathVariable" /> must be set.</summary>
    </member>
    <member name="T:Microsoft.SqlServer.Dts.Tasks.FileSystemTask.DTSPreservedAttributes">
      <summary>Specifies the data transformation services preserved attributes.</summary>
    </member>
    <member name="F:Microsoft.SqlServer.Dts.Tasks.FileSystemTask.DTSPreservedAttributes.None">
      <summary>No attribute defined.</summary>
    </member>
    <member name="F:Microsoft.SqlServer.Dts.Tasks.FileSystemTask.DTSPreservedAttributes.Archive">
      <summary>The attribute is archive.</summary>
    </member>
    <member name="F:Microsoft.SqlServer.Dts.Tasks.FileSystemTask.DTSPreservedAttributes.Hidden">
      <summary>The attribute is hidden.</summary>
    </member>
    <member name="F:Microsoft.SqlServer.Dts.Tasks.FileSystemTask.DTSPreservedAttributes.ReadOnly">
      <summary>The attribute is read only.</summary>
    </member>
    <member name="F:Microsoft.SqlServer.Dts.Tasks.FileSystemTask.DTSPreservedAttributes.System">
      <summary>The attribute is a system file.</summary>
    </member>
    <member name="T:Microsoft.SqlServer.Dts.Tasks.FileSystemTask.FileSystemTask">
      <summary>Runs commands against the file system. This class cannot be inherited. </summary>
    </member>
    <member name="T:Microsoft.SqlServer.Dts.Tasks.FileSystemTask.IDTSFileSystemTask">
      <summary>Defines the properties for the <see cref="T:Microsoft.SqlServer.Dts.Tasks.FileSystemTask.FileSystemTask" />.</summary>
    </member>
  </members>
</doc>