﻿<?xml version="1.0" encoding="utf-8"?>
<doc>
  <assembly>
    <name>Microsoft.SqlServer.MaintenancePlanTasks</name>
  </assembly>
  <members>
    <member name="T:Microsoft.SqlServer.Management.DatabaseMaintenance.ActionForExistingBackups"></member>
    <member name="F:Microsoft.SqlServer.Management.DatabaseMaintenance.ActionForExistingBackups.Append">
      <summary />
    </member>
    <member name="F:Microsoft.SqlServer.Management.DatabaseMaintenance.ActionForExistingBackups.Overwrite">
      <summary />
    </member>
    <member name="T:Microsoft.SqlServer.Management.DatabaseMaintenance.BackupComponent"></member>
    <member name="F:Microsoft.SqlServer.Management.DatabaseMaintenance.BackupComponent.Database">
      <summary />
    </member>
    <member name="F:Microsoft.SqlServer.Management.DatabaseMaintenance.BackupComponent.Files">
      <summary />
    </member>
    <member name="T:Microsoft.SqlServer.Management.DatabaseMaintenance.BackupTaskType"></member>
    <member name="F:Microsoft.SqlServer.Management.DatabaseMaintenance.BackupTaskType.Full">
      <summary />
    </member>
    <member name="F:Microsoft.SqlServer.Management.DatabaseMaintenance.BackupTaskType.Differential">
      <summary />
    </member>
    <member name="F:Microsoft.SqlServer.Management.DatabaseMaintenance.BackupTaskType.TransactionLog">
      <summary />
    </member>
    <member name="T:Microsoft.SqlServer.Management.DatabaseMaintenance.DatabaseMaintenanceBaseTask"></member>
    <member name="M:Microsoft.SqlServer.Management.DatabaseMaintenance.DatabaseMaintenanceBaseTask.#ctor"></member>
    <member name="M:Microsoft.SqlServer.Management.DatabaseMaintenance.DatabaseMaintenanceBaseTask.CanDowngradeTo(System.Int32)"></member>
    <member name="M:Microsoft.SqlServer.Management.DatabaseMaintenance.DatabaseMaintenanceBaseTask.CopyTo(Microsoft.SqlServer.Management.DatabaseMaintenance.DatabaseMaintenanceBaseTask)"></member>
    <member name="P:Microsoft.SqlServer.Management.DatabaseMaintenance.DatabaseMaintenanceBaseTask.DatabaseSelectionType"></member>
    <member name="M:Microsoft.SqlServer.Management.DatabaseMaintenance.DatabaseMaintenanceBaseTask.DowngradeTo(System.Int32,System.Xml.XmlElement@)"></member>
    <member name="M:Microsoft.SqlServer.Management.DatabaseMaintenance.DatabaseMaintenanceBaseTask.Execute(Microsoft.SqlServer.Dts.Runtime.Connections,Microsoft.SqlServer.Dts.Runtime.VariableDispenser,Microsoft.SqlServer.Dts.Runtime.IDTSComponentEvents,Microsoft.SqlServer.Dts.Runtime.IDTSLogging,System.Object)"></member>
    <member name="P:Microsoft.SqlServer.Management.DatabaseMaintenance.DatabaseMaintenanceBaseTask.ExtendedLogging"></member>
    <member name="P:Microsoft.SqlServer.Management.DatabaseMaintenance.DatabaseMaintenanceBaseTask.IgnoreDatabasesInNotOnlineState"></member>
    <member name="M:Microsoft.SqlServer.Management.DatabaseMaintenance.DatabaseMaintenanceBaseTask.InitializeTask(Microsoft.SqlServer.Dts.Runtime.Connections,Microsoft.SqlServer.Dts.Runtime.VariableDispenser,Microsoft.SqlServer.Dts.Runtime.IDTSInfoEvents,Microsoft.SqlServer.Dts.Runtime.IDTSLogging,Microsoft.SqlServer.Dts.Runtime.EventInfos,Microsoft.SqlServer.Dts.Runtime.LogEntryInfos,Microsoft.SqlServer.Dts.Runtime.ObjectReferenceTracker)"></member>
    <member name="M:Microsoft.SqlServer.Management.DatabaseMaintenance.DatabaseMaintenanceBaseTask.LoadFromXML(System.Xml.XmlElement,Microsoft.SqlServer.Dts.Runtime.IDTSInfoEvents)"></member>
    <member name="P:Microsoft.SqlServer.Management.DatabaseMaintenance.DatabaseMaintenanceBaseTask.LocalConnectionForLogging"></member>
    <member name="P:Microsoft.SqlServer.Management.DatabaseMaintenance.DatabaseMaintenanceBaseTask.ObjectTypeSelection"></member>
    <member name="M:Microsoft.SqlServer.Management.DatabaseMaintenance.DatabaseMaintenanceBaseTask.OnAddedToTaskHost(Microsoft.SqlServer.Dts.Runtime.TaskHost)"></member>
    <member name="P:Microsoft.SqlServer.Management.DatabaseMaintenance.DatabaseMaintenanceBaseTask.RunId"></member>
    <member name="M:Microsoft.SqlServer.Management.DatabaseMaintenance.DatabaseMaintenanceBaseTask.SaveToXML(System.Xml.XmlDocument,Microsoft.SqlServer.Dts.Runtime.IDTSInfoEvents)"></member>
    <member name="P:Microsoft.SqlServer.Management.DatabaseMaintenance.DatabaseMaintenanceBaseTask.SelectedDatabases"></member>
    <member name="P:Microsoft.SqlServer.Management.DatabaseMaintenance.DatabaseMaintenanceBaseTask.SelectedTables"></member>
    <member name="P:Microsoft.SqlServer.Management.DatabaseMaintenance.DatabaseMaintenanceBaseTask.ServerVersion"></member>
    <member name="P:Microsoft.SqlServer.Management.DatabaseMaintenance.DatabaseMaintenanceBaseTask.SqlBatchCommands"></member>
    <member name="P:Microsoft.SqlServer.Management.DatabaseMaintenance.DatabaseMaintenanceBaseTask.TableSelectionType"></member>
    <member name="P:Microsoft.SqlServer.Management.DatabaseMaintenance.DatabaseMaintenanceBaseTask.TaskConnectionName"></member>
    <member name="P:Microsoft.SqlServer.Management.DatabaseMaintenance.DatabaseMaintenanceBaseTask.TaskName"></member>
    <member name="P:Microsoft.SqlServer.Management.DatabaseMaintenance.DatabaseMaintenanceBaseTask.TaskNameWasModified"></member>
    <member name="M:Microsoft.SqlServer.Management.DatabaseMaintenance.DatabaseMaintenanceBaseTask.Validate(Microsoft.SqlServer.Dts.Runtime.Connections,Microsoft.SqlServer.Dts.Runtime.VariableDispenser,Microsoft.SqlServer.Dts.Runtime.IDTSComponentEvents,Microsoft.SqlServer.Dts.Runtime.IDTSLogging)"></member>
    <member name="M:Microsoft.SqlServer.Management.DatabaseMaintenance.DatabaseMaintenanceBaseTask.WriteToDTSLog(Microsoft.SqlServer.Dts.Runtime.IDTSLogging,System.String)"></member>
    <member name="T:Microsoft.SqlServer.Management.DatabaseMaintenance.DatabaseSelection"></member>
    <member name="F:Microsoft.SqlServer.Management.DatabaseMaintenance.DatabaseSelection.None">
      <summary />
    </member>
    <member name="F:Microsoft.SqlServer.Management.DatabaseMaintenance.DatabaseSelection.All">
      <summary />
    </member>
    <member name="F:Microsoft.SqlServer.Management.DatabaseMaintenance.DatabaseSelection.System">
      <summary />
    </member>
    <member name="F:Microsoft.SqlServer.Management.DatabaseMaintenance.DatabaseSelection.User">
      <summary />
    </member>
    <member name="F:Microsoft.SqlServer.Management.DatabaseMaintenance.DatabaseSelection.Specific">
      <summary />
    </member>
    <member name="T:Microsoft.SqlServer.Management.DatabaseMaintenance.DbMaintenanceBackupTask"></member>
    <member name="M:Microsoft.SqlServer.Management.DatabaseMaintenance.DbMaintenanceBackupTask.#ctor"></member>
    <member name="P:Microsoft.SqlServer.Management.DatabaseMaintenance.DbMaintenanceBackupTask.BackupAction"></member>
    <member name="P:Microsoft.SqlServer.Management.DatabaseMaintenance.DbMaintenanceBackupTask.BackupCompressionOption"></member>
    <member name="P:Microsoft.SqlServer.Management.DatabaseMaintenance.DbMaintenanceBackupTask.BackupDeviceType"></member>
    <member name="P:Microsoft.SqlServer.Management.DatabaseMaintenance.DbMaintenanceBackupTask.BackupFileExtension"></member>
    <member name="P:Microsoft.SqlServer.Management.DatabaseMaintenance.DbMaintenanceBackupTask.BackupIsIncremental"></member>
    <member name="P:Microsoft.SqlServer.Management.DatabaseMaintenance.DbMaintenanceBackupTask.BackupPhisycalDestinationType"></member>
    <member name="P:Microsoft.SqlServer.Management.DatabaseMaintenance.DbMaintenanceBackupTask.BackupTailLog"></member>
    <member name="M:Microsoft.SqlServer.Management.DatabaseMaintenance.DbMaintenanceBackupTask.CopyTo(Microsoft.SqlServer.Management.DatabaseMaintenance.DatabaseMaintenanceBaseTask)"></member>
    <member name="P:Microsoft.SqlServer.Management.DatabaseMaintenance.DbMaintenanceBackupTask.CreateSubFolder"></member>
    <member name="P:Microsoft.SqlServer.Management.DatabaseMaintenance.DbMaintenanceBackupTask.Description"></member>
    <member name="P:Microsoft.SqlServer.Management.DatabaseMaintenance.DbMaintenanceBackupTask.DestinationAutoFolderPath"></member>
    <member name="P:Microsoft.SqlServer.Management.DatabaseMaintenance.DbMaintenanceBackupTask.DestinationCreationType"></member>
    <member name="P:Microsoft.SqlServer.Management.DatabaseMaintenance.DbMaintenanceBackupTask.DestinationManualList"></member>
    <member name="M:Microsoft.SqlServer.Management.DatabaseMaintenance.DbMaintenanceBackupTask.Execute(Microsoft.SqlServer.Dts.Runtime.Connections,Microsoft.SqlServer.Dts.Runtime.VariableDispenser,Microsoft.SqlServer.Dts.Runtime.IDTSComponentEvents,Microsoft.SqlServer.Dts.Runtime.IDTSLogging,System.Object)"></member>
    <member name="P:Microsoft.SqlServer.Management.DatabaseMaintenance.DbMaintenanceBackupTask.ExistingBackupsAction"></member>
    <member name="P:Microsoft.SqlServer.Management.DatabaseMaintenance.DbMaintenanceBackupTask.ExpireDate"></member>
    <member name="P:Microsoft.SqlServer.Management.DatabaseMaintenance.DbMaintenanceBackupTask.FileGroupsFiles"></member>
    <member name="P:Microsoft.SqlServer.Management.DatabaseMaintenance.DbMaintenanceBackupTask.InDays"></member>
    <member name="M:Microsoft.SqlServer.Management.DatabaseMaintenance.DbMaintenanceBackupTask.LoadFromXML(System.Xml.XmlElement,Microsoft.SqlServer.Dts.Runtime.IDTSInfoEvents)"></member>
    <member name="P:Microsoft.SqlServer.Management.DatabaseMaintenance.DbMaintenanceBackupTask.RetainDays"></member>
    <member name="M:Microsoft.SqlServer.Management.DatabaseMaintenance.DbMaintenanceBackupTask.SaveToXML(System.Xml.XmlDocument,Microsoft.SqlServer.Dts.Runtime.IDTSInfoEvents)"></member>
    <member name="P:Microsoft.SqlServer.Management.DatabaseMaintenance.DbMaintenanceBackupTask.TaskAllowesDatbaseSelection"></member>
    <member name="P:Microsoft.SqlServer.Management.DatabaseMaintenance.DbMaintenanceBackupTask.TaskAllowesTableSelection"></member>
    <member name="P:Microsoft.SqlServer.Management.DatabaseMaintenance.DbMaintenanceBackupTask.UseExpiration"></member>
    <member name="M:Microsoft.SqlServer.Management.DatabaseMaintenance.DbMaintenanceBackupTask.Validate(Microsoft.SqlServer.Dts.Runtime.Connections,Microsoft.SqlServer.Dts.Runtime.VariableDispenser,Microsoft.SqlServer.Dts.Runtime.IDTSComponentEvents,Microsoft.SqlServer.Dts.Runtime.IDTSLogging)"></member>
    <member name="P:Microsoft.SqlServer.Management.DatabaseMaintenance.DbMaintenanceBackupTask.VerifyIntegrity"></member>
    <member name="T:Microsoft.SqlServer.Management.DatabaseMaintenance.DbMaintenanceCheckIntegrityTask"></member>
    <member name="M:Microsoft.SqlServer.Management.DatabaseMaintenance.DbMaintenanceCheckIntegrityTask.#ctor"></member>
    <member name="M:Microsoft.SqlServer.Management.DatabaseMaintenance.DbMaintenanceCheckIntegrityTask.CopyTo(Microsoft.SqlServer.Management.DatabaseMaintenance.DatabaseMaintenanceBaseTask)"></member>
    <member name="P:Microsoft.SqlServer.Management.DatabaseMaintenance.DbMaintenanceCheckIntegrityTask.Description"></member>
    <member name="M:Microsoft.SqlServer.Management.DatabaseMaintenance.DbMaintenanceCheckIntegrityTask.Execute(Microsoft.SqlServer.Dts.Runtime.Connections,Microsoft.SqlServer.Dts.Runtime.VariableDispenser,Microsoft.SqlServer.Dts.Runtime.IDTSComponentEvents,Microsoft.SqlServer.Dts.Runtime.IDTSLogging,System.Object)"></member>
    <member name="P:Microsoft.SqlServer.Management.DatabaseMaintenance.DbMaintenanceCheckIntegrityTask.IncludeIndexes"></member>
    <member name="M:Microsoft.SqlServer.Management.DatabaseMaintenance.DbMaintenanceCheckIntegrityTask.LoadFromXML(System.Xml.XmlElement,Microsoft.SqlServer.Dts.Runtime.IDTSInfoEvents)"></member>
    <member name="M:Microsoft.SqlServer.Management.DatabaseMaintenance.DbMaintenanceCheckIntegrityTask.SaveToXML(System.Xml.XmlDocument,Microsoft.SqlServer.Dts.Runtime.IDTSInfoEvents)"></member>
    <member name="P:Microsoft.SqlServer.Management.DatabaseMaintenance.DbMaintenanceCheckIntegrityTask.TaskAllowesDatbaseSelection"></member>
    <member name="P:Microsoft.SqlServer.Management.DatabaseMaintenance.DbMaintenanceCheckIntegrityTask.TaskAllowesTableSelection"></member>
    <member name="M:Microsoft.SqlServer.Management.DatabaseMaintenance.DbMaintenanceCheckIntegrityTask.Validate(Microsoft.SqlServer.Dts.Runtime.Connections,Microsoft.SqlServer.Dts.Runtime.VariableDispenser,Microsoft.SqlServer.Dts.Runtime.IDTSComponentEvents,Microsoft.SqlServer.Dts.Runtime.IDTSLogging)"></member>
    <member name="T:Microsoft.SqlServer.Management.DatabaseMaintenance.DbMaintenanceDefragmentIndexTask"></member>
    <member name="M:Microsoft.SqlServer.Management.DatabaseMaintenance.DbMaintenanceDefragmentIndexTask.#ctor"></member>
    <member name="P:Microsoft.SqlServer.Management.DatabaseMaintenance.DbMaintenanceDefragmentIndexTask.CompactLargeObjects"></member>
    <member name="M:Microsoft.SqlServer.Management.DatabaseMaintenance.DbMaintenanceDefragmentIndexTask.CopyTo(Microsoft.SqlServer.Management.DatabaseMaintenance.DatabaseMaintenanceBaseTask)"></member>
    <member name="P:Microsoft.SqlServer.Management.DatabaseMaintenance.DbMaintenanceDefragmentIndexTask.Description"></member>
    <member name="M:Microsoft.SqlServer.Management.DatabaseMaintenance.DbMaintenanceDefragmentIndexTask.Execute(Microsoft.SqlServer.Dts.Runtime.Connections,Microsoft.SqlServer.Dts.Runtime.VariableDispenser,Microsoft.SqlServer.Dts.Runtime.IDTSComponentEvents,Microsoft.SqlServer.Dts.Runtime.IDTSLogging,System.Object)"></member>
    <member name="M:Microsoft.SqlServer.Management.DatabaseMaintenance.DbMaintenanceDefragmentIndexTask.LoadFromXML(System.Xml.XmlElement,Microsoft.SqlServer.Dts.Runtime.IDTSInfoEvents)"></member>
    <member name="M:Microsoft.SqlServer.Management.DatabaseMaintenance.DbMaintenanceDefragmentIndexTask.SaveToXML(System.Xml.XmlDocument,Microsoft.SqlServer.Dts.Runtime.IDTSInfoEvents)"></member>
    <member name="P:Microsoft.SqlServer.Management.DatabaseMaintenance.DbMaintenanceDefragmentIndexTask.TaskAllowesDatbaseSelection"></member>
    <member name="P:Microsoft.SqlServer.Management.DatabaseMaintenance.DbMaintenanceDefragmentIndexTask.TaskAllowesTableSelection"></member>
    <member name="M:Microsoft.SqlServer.Management.DatabaseMaintenance.DbMaintenanceDefragmentIndexTask.Validate(Microsoft.SqlServer.Dts.Runtime.Connections,Microsoft.SqlServer.Dts.Runtime.VariableDispenser,Microsoft.SqlServer.Dts.Runtime.IDTSComponentEvents,Microsoft.SqlServer.Dts.Runtime.IDTSLogging)"></member>
    <member name="T:Microsoft.SqlServer.Management.DatabaseMaintenance.DbMaintenanceExecuteAgentJobTask"></member>
    <member name="M:Microsoft.SqlServer.Management.DatabaseMaintenance.DbMaintenanceExecuteAgentJobTask.#ctor"></member>
    <member name="P:Microsoft.SqlServer.Management.DatabaseMaintenance.DbMaintenanceExecuteAgentJobTask.AgentJobId"></member>
    <member name="M:Microsoft.SqlServer.Management.DatabaseMaintenance.DbMaintenanceExecuteAgentJobTask.CopyTo(Microsoft.SqlServer.Management.DatabaseMaintenance.DatabaseMaintenanceBaseTask)"></member>
    <member name="P:Microsoft.SqlServer.Management.DatabaseMaintenance.DbMaintenanceExecuteAgentJobTask.Description"></member>
    <member name="M:Microsoft.SqlServer.Management.DatabaseMaintenance.DbMaintenanceExecuteAgentJobTask.Execute(Microsoft.SqlServer.Dts.Runtime.Connections,Microsoft.SqlServer.Dts.Runtime.VariableDispenser,Microsoft.SqlServer.Dts.Runtime.IDTSComponentEvents,Microsoft.SqlServer.Dts.Runtime.IDTSLogging,System.Object)"></member>
    <member name="M:Microsoft.SqlServer.Management.DatabaseMaintenance.DbMaintenanceExecuteAgentJobTask.LoadFromXML(System.Xml.XmlElement,Microsoft.SqlServer.Dts.Runtime.IDTSInfoEvents)"></member>
    <member name="M:Microsoft.SqlServer.Management.DatabaseMaintenance.DbMaintenanceExecuteAgentJobTask.SaveToXML(System.Xml.XmlDocument,Microsoft.SqlServer.Dts.Runtime.IDTSInfoEvents)"></member>
    <member name="P:Microsoft.SqlServer.Management.DatabaseMaintenance.DbMaintenanceExecuteAgentJobTask.TaskAllowesDatbaseSelection"></member>
    <member name="P:Microsoft.SqlServer.Management.DatabaseMaintenance.DbMaintenanceExecuteAgentJobTask.TaskAllowesTableSelection"></member>
    <member name="M:Microsoft.SqlServer.Management.DatabaseMaintenance.DbMaintenanceExecuteAgentJobTask.Validate(Microsoft.SqlServer.Dts.Runtime.Connections,Microsoft.SqlServer.Dts.Runtime.VariableDispenser,Microsoft.SqlServer.Dts.Runtime.IDTSComponentEvents,Microsoft.SqlServer.Dts.Runtime.IDTSLogging)"></member>
    <member name="T:Microsoft.SqlServer.Management.DatabaseMaintenance.DbMaintenanceFileCleanupTask"></member>
    <member name="M:Microsoft.SqlServer.Management.DatabaseMaintenance.DbMaintenanceFileCleanupTask.#ctor"></member>
    <member name="P:Microsoft.SqlServer.Management.DatabaseMaintenance.DbMaintenanceFileCleanupTask.AgeBased"></member>
    <member name="P:Microsoft.SqlServer.Management.DatabaseMaintenance.DbMaintenanceFileCleanupTask.CleanSubFolders"></member>
    <member name="M:Microsoft.SqlServer.Management.DatabaseMaintenance.DbMaintenanceFileCleanupTask.CopyTo(Microsoft.SqlServer.Management.DatabaseMaintenance.DatabaseMaintenanceBaseTask)"></member>
    <member name="P:Microsoft.SqlServer.Management.DatabaseMaintenance.DbMaintenanceFileCleanupTask.DeleteSpecificFile"></member>
    <member name="M:Microsoft.SqlServer.Management.DatabaseMaintenance.DbMaintenanceFileCleanupTask.Execute(Microsoft.SqlServer.Dts.Runtime.Connections,Microsoft.SqlServer.Dts.Runtime.VariableDispenser,Microsoft.SqlServer.Dts.Runtime.IDTSComponentEvents,Microsoft.SqlServer.Dts.Runtime.IDTSLogging,System.Object)"></member>
    <member name="P:Microsoft.SqlServer.Management.DatabaseMaintenance.DbMaintenanceFileCleanupTask.FileExtension"></member>
    <member name="P:Microsoft.SqlServer.Management.DatabaseMaintenance.DbMaintenanceFileCleanupTask.FilePath"></member>
    <member name="P:Microsoft.SqlServer.Management.DatabaseMaintenance.DbMaintenanceFileCleanupTask.FileTypeSelected"></member>
    <member name="P:Microsoft.SqlServer.Management.DatabaseMaintenance.DbMaintenanceFileCleanupTask.FolderPath"></member>
    <member name="M:Microsoft.SqlServer.Management.DatabaseMaintenance.DbMaintenanceFileCleanupTask.LoadFromXML(System.Xml.XmlElement,Microsoft.SqlServer.Dts.Runtime.IDTSInfoEvents)"></member>
    <member name="P:Microsoft.SqlServer.Management.DatabaseMaintenance.DbMaintenanceFileCleanupTask.Microsoft#SqlServer#Management#DatabaseMaintenance#ITaskDescriptionInterface#Description"></member>
    <member name="P:Microsoft.SqlServer.Management.DatabaseMaintenance.DbMaintenanceFileCleanupTask.OlderThanTimeUnits"></member>
    <member name="P:Microsoft.SqlServer.Management.DatabaseMaintenance.DbMaintenanceFileCleanupTask.OlderThanTimeUnitType"></member>
    <member name="M:Microsoft.SqlServer.Management.DatabaseMaintenance.DbMaintenanceFileCleanupTask.SaveToXML(System.Xml.XmlDocument,Microsoft.SqlServer.Dts.Runtime.IDTSInfoEvents)"></member>
    <member name="P:Microsoft.SqlServer.Management.DatabaseMaintenance.DbMaintenanceFileCleanupTask.TaskAllowesDatbaseSelection"></member>
    <member name="P:Microsoft.SqlServer.Management.DatabaseMaintenance.DbMaintenanceFileCleanupTask.TaskAllowesTableSelection"></member>
    <member name="M:Microsoft.SqlServer.Management.DatabaseMaintenance.DbMaintenanceFileCleanupTask.Validate(Microsoft.SqlServer.Dts.Runtime.Connections,Microsoft.SqlServer.Dts.Runtime.VariableDispenser,Microsoft.SqlServer.Dts.Runtime.IDTSComponentEvents,Microsoft.SqlServer.Dts.Runtime.IDTSLogging)"></member>
    <member name="T:Microsoft.SqlServer.Management.DatabaseMaintenance.DbMaintenanceHistoryCleanupTask"></member>
    <member name="M:Microsoft.SqlServer.Management.DatabaseMaintenance.DbMaintenanceHistoryCleanupTask.#ctor"></member>
    <member name="M:Microsoft.SqlServer.Management.DatabaseMaintenance.DbMaintenanceHistoryCleanupTask.CopyTo(Microsoft.SqlServer.Management.DatabaseMaintenance.DatabaseMaintenanceBaseTask)"></member>
    <member name="P:Microsoft.SqlServer.Management.DatabaseMaintenance.DbMaintenanceHistoryCleanupTask.Description"></member>
    <member name="M:Microsoft.SqlServer.Management.DatabaseMaintenance.DbMaintenanceHistoryCleanupTask.Execute(Microsoft.SqlServer.Dts.Runtime.Connections,Microsoft.SqlServer.Dts.Runtime.VariableDispenser,Microsoft.SqlServer.Dts.Runtime.IDTSComponentEvents,Microsoft.SqlServer.Dts.Runtime.IDTSLogging,System.Object)"></member>
    <member name="M:Microsoft.SqlServer.Management.DatabaseMaintenance.DbMaintenanceHistoryCleanupTask.LoadFromXML(System.Xml.XmlElement,Microsoft.SqlServer.Dts.Runtime.IDTSInfoEvents)"></member>
    <member name="P:Microsoft.SqlServer.Management.DatabaseMaintenance.DbMaintenanceHistoryCleanupTask.OlderThanTimeUnits"></member>
    <member name="P:Microsoft.SqlServer.Management.DatabaseMaintenance.DbMaintenanceHistoryCleanupTask.OlderThanTimeUnitType"></member>
    <member name="P:Microsoft.SqlServer.Management.DatabaseMaintenance.DbMaintenanceHistoryCleanupTask.RemoveBackupRestorHistory"></member>
    <member name="P:Microsoft.SqlServer.Management.DatabaseMaintenance.DbMaintenanceHistoryCleanupTask.RemoveDbMaintHistory"></member>
    <member name="P:Microsoft.SqlServer.Management.DatabaseMaintenance.DbMaintenanceHistoryCleanupTask.RemoveSqlAgentHistory"></member>
    <member name="M:Microsoft.SqlServer.Management.DatabaseMaintenance.DbMaintenanceHistoryCleanupTask.SaveToXML(System.Xml.XmlDocument,Microsoft.SqlServer.Dts.Runtime.IDTSInfoEvents)"></member>
    <member name="P:Microsoft.SqlServer.Management.DatabaseMaintenance.DbMaintenanceHistoryCleanupTask.TaskAllowesDatbaseSelection"></member>
    <member name="P:Microsoft.SqlServer.Management.DatabaseMaintenance.DbMaintenanceHistoryCleanupTask.TaskAllowesTableSelection"></member>
    <member name="M:Microsoft.SqlServer.Management.DatabaseMaintenance.DbMaintenanceHistoryCleanupTask.Validate(Microsoft.SqlServer.Dts.Runtime.Connections,Microsoft.SqlServer.Dts.Runtime.VariableDispenser,Microsoft.SqlServer.Dts.Runtime.IDTSComponentEvents,Microsoft.SqlServer.Dts.Runtime.IDTSLogging)"></member>
    <member name="T:Microsoft.SqlServer.Management.DatabaseMaintenance.DbMaintenanceNotifyOperatorTask"></member>
    <member name="M:Microsoft.SqlServer.Management.DatabaseMaintenance.DbMaintenanceNotifyOperatorTask.#ctor"></member>
    <member name="M:Microsoft.SqlServer.Management.DatabaseMaintenance.DbMaintenanceNotifyOperatorTask.CopyTo(Microsoft.SqlServer.Management.DatabaseMaintenance.DatabaseMaintenanceBaseTask)"></member>
    <member name="P:Microsoft.SqlServer.Management.DatabaseMaintenance.DbMaintenanceNotifyOperatorTask.Description"></member>
    <member name="M:Microsoft.SqlServer.Management.DatabaseMaintenance.DbMaintenanceNotifyOperatorTask.Execute(Microsoft.SqlServer.Dts.Runtime.Connections,Microsoft.SqlServer.Dts.Runtime.VariableDispenser,Microsoft.SqlServer.Dts.Runtime.IDTSComponentEvents,Microsoft.SqlServer.Dts.Runtime.IDTSLogging,System.Object)"></member>
    <member name="M:Microsoft.SqlServer.Management.DatabaseMaintenance.DbMaintenanceNotifyOperatorTask.LoadFromXML(System.Xml.XmlElement,Microsoft.SqlServer.Dts.Runtime.IDTSInfoEvents)"></member>
    <member name="P:Microsoft.SqlServer.Management.DatabaseMaintenance.DbMaintenanceNotifyOperatorTask.Message"></member>
    <member name="P:Microsoft.SqlServer.Management.DatabaseMaintenance.DbMaintenanceNotifyOperatorTask.OperatorNotify"></member>
    <member name="P:Microsoft.SqlServer.Management.DatabaseMaintenance.DbMaintenanceNotifyOperatorTask.Profile"></member>
    <member name="M:Microsoft.SqlServer.Management.DatabaseMaintenance.DbMaintenanceNotifyOperatorTask.SaveToXML(System.Xml.XmlDocument,Microsoft.SqlServer.Dts.Runtime.IDTSInfoEvents)"></member>
    <member name="P:Microsoft.SqlServer.Management.DatabaseMaintenance.DbMaintenanceNotifyOperatorTask.Subject"></member>
    <member name="P:Microsoft.SqlServer.Management.DatabaseMaintenance.DbMaintenanceNotifyOperatorTask.TaskAllowesDatbaseSelection"></member>
    <member name="P:Microsoft.SqlServer.Management.DatabaseMaintenance.DbMaintenanceNotifyOperatorTask.TaskAllowesTableSelection"></member>
    <member name="M:Microsoft.SqlServer.Management.DatabaseMaintenance.DbMaintenanceNotifyOperatorTask.Validate(Microsoft.SqlServer.Dts.Runtime.Connections,Microsoft.SqlServer.Dts.Runtime.VariableDispenser,Microsoft.SqlServer.Dts.Runtime.IDTSComponentEvents,Microsoft.SqlServer.Dts.Runtime.IDTSLogging)"></member>
    <member name="T:Microsoft.SqlServer.Management.DatabaseMaintenance.DbMaintenanceReindexTask"></member>
    <member name="M:Microsoft.SqlServer.Management.DatabaseMaintenance.DbMaintenanceReindexTask.#ctor"></member>
    <member name="P:Microsoft.SqlServer.Management.DatabaseMaintenance.DbMaintenanceReindexTask.AdvKeepOnline"></member>
    <member name="P:Microsoft.SqlServer.Management.DatabaseMaintenance.DbMaintenanceReindexTask.AdvSortInTempdb"></member>
    <member name="M:Microsoft.SqlServer.Management.DatabaseMaintenance.DbMaintenanceReindexTask.CopyTo(Microsoft.SqlServer.Management.DatabaseMaintenance.DatabaseMaintenanceBaseTask)"></member>
    <member name="P:Microsoft.SqlServer.Management.DatabaseMaintenance.DbMaintenanceReindexTask.Description"></member>
    <member name="M:Microsoft.SqlServer.Management.DatabaseMaintenance.DbMaintenanceReindexTask.Execute(Microsoft.SqlServer.Dts.Runtime.Connections,Microsoft.SqlServer.Dts.Runtime.VariableDispenser,Microsoft.SqlServer.Dts.Runtime.IDTSComponentEvents,Microsoft.SqlServer.Dts.Runtime.IDTSLogging,System.Object)"></member>
    <member name="M:Microsoft.SqlServer.Management.DatabaseMaintenance.DbMaintenanceReindexTask.LoadFromXML(System.Xml.XmlElement,Microsoft.SqlServer.Dts.Runtime.IDTSInfoEvents)"></member>
    <member name="P:Microsoft.SqlServer.Management.DatabaseMaintenance.DbMaintenanceReindexTask.ReindexPercentage"></member>
    <member name="P:Microsoft.SqlServer.Management.DatabaseMaintenance.DbMaintenanceReindexTask.ReindexWithOriginalAmount"></member>
    <member name="M:Microsoft.SqlServer.Management.DatabaseMaintenance.DbMaintenanceReindexTask.SaveToXML(System.Xml.XmlDocument,Microsoft.SqlServer.Dts.Runtime.IDTSInfoEvents)"></member>
    <member name="P:Microsoft.SqlServer.Management.DatabaseMaintenance.DbMaintenanceReindexTask.TaskAllowesDatbaseSelection"></member>
    <member name="P:Microsoft.SqlServer.Management.DatabaseMaintenance.DbMaintenanceReindexTask.TaskAllowesTableSelection"></member>
    <member name="M:Microsoft.SqlServer.Management.DatabaseMaintenance.DbMaintenanceReindexTask.Validate(Microsoft.SqlServer.Dts.Runtime.Connections,Microsoft.SqlServer.Dts.Runtime.VariableDispenser,Microsoft.SqlServer.Dts.Runtime.IDTSComponentEvents,Microsoft.SqlServer.Dts.Runtime.IDTSLogging)"></member>
    <member name="T:Microsoft.SqlServer.Management.DatabaseMaintenance.DbMaintenanceShrinkTask"></member>
    <member name="M:Microsoft.SqlServer.Management.DatabaseMaintenance.DbMaintenanceShrinkTask.#ctor"></member>
    <member name="M:Microsoft.SqlServer.Management.DatabaseMaintenance.DbMaintenanceShrinkTask.CopyTo(Microsoft.SqlServer.Management.DatabaseMaintenance.DatabaseMaintenanceBaseTask)"></member>
    <member name="P:Microsoft.SqlServer.Management.DatabaseMaintenance.DbMaintenanceShrinkTask.DatabaseSizeLimit"></member>
    <member name="P:Microsoft.SqlServer.Management.DatabaseMaintenance.DbMaintenanceShrinkTask.Description"></member>
    <member name="M:Microsoft.SqlServer.Management.DatabaseMaintenance.DbMaintenanceShrinkTask.Execute(Microsoft.SqlServer.Dts.Runtime.Connections,Microsoft.SqlServer.Dts.Runtime.VariableDispenser,Microsoft.SqlServer.Dts.Runtime.IDTSComponentEvents,Microsoft.SqlServer.Dts.Runtime.IDTSLogging,System.Object)"></member>
    <member name="M:Microsoft.SqlServer.Management.DatabaseMaintenance.DbMaintenanceShrinkTask.LoadFromXML(System.Xml.XmlElement,Microsoft.SqlServer.Dts.Runtime.IDTSInfoEvents)"></member>
    <member name="P:Microsoft.SqlServer.Management.DatabaseMaintenance.DbMaintenanceShrinkTask.PercentLimit"></member>
    <member name="P:Microsoft.SqlServer.Management.DatabaseMaintenance.DbMaintenanceShrinkTask.ReturnFreedSpace"></member>
    <member name="M:Microsoft.SqlServer.Management.DatabaseMaintenance.DbMaintenanceShrinkTask.SaveToXML(System.Xml.XmlDocument,Microsoft.SqlServer.Dts.Runtime.IDTSInfoEvents)"></member>
    <member name="P:Microsoft.SqlServer.Management.DatabaseMaintenance.DbMaintenanceShrinkTask.TaskAllowesDatbaseSelection"></member>
    <member name="P:Microsoft.SqlServer.Management.DatabaseMaintenance.DbMaintenanceShrinkTask.TaskAllowesTableSelection"></member>
    <member name="M:Microsoft.SqlServer.Management.DatabaseMaintenance.DbMaintenanceShrinkTask.Validate(Microsoft.SqlServer.Dts.Runtime.Connections,Microsoft.SqlServer.Dts.Runtime.VariableDispenser,Microsoft.SqlServer.Dts.Runtime.IDTSComponentEvents,Microsoft.SqlServer.Dts.Runtime.IDTSLogging)"></member>
    <member name="T:Microsoft.SqlServer.Management.DatabaseMaintenance.DbMaintenanceTSQLExecuteTask"></member>
    <member name="M:Microsoft.SqlServer.Management.DatabaseMaintenance.DbMaintenanceTSQLExecuteTask.#ctor"></member>
    <member name="M:Microsoft.SqlServer.Management.DatabaseMaintenance.DbMaintenanceTSQLExecuteTask.CopyTo(Microsoft.SqlServer.Management.DatabaseMaintenance.DatabaseMaintenanceBaseTask)"></member>
    <member name="P:Microsoft.SqlServer.Management.DatabaseMaintenance.DbMaintenanceTSQLExecuteTask.Description"></member>
    <member name="M:Microsoft.SqlServer.Management.DatabaseMaintenance.DbMaintenanceTSQLExecuteTask.Execute(Microsoft.SqlServer.Dts.Runtime.Connections,Microsoft.SqlServer.Dts.Runtime.VariableDispenser,Microsoft.SqlServer.Dts.Runtime.IDTSComponentEvents,Microsoft.SqlServer.Dts.Runtime.IDTSLogging,System.Object)"></member>
    <member name="M:Microsoft.SqlServer.Management.DatabaseMaintenance.DbMaintenanceTSQLExecuteTask.LoadFromXML(System.Xml.XmlElement,Microsoft.SqlServer.Dts.Runtime.IDTSInfoEvents)"></member>
    <member name="M:Microsoft.SqlServer.Management.DatabaseMaintenance.DbMaintenanceTSQLExecuteTask.SaveToXML(System.Xml.XmlDocument,Microsoft.SqlServer.Dts.Runtime.IDTSInfoEvents)"></member>
    <member name="P:Microsoft.SqlServer.Management.DatabaseMaintenance.DbMaintenanceTSQLExecuteTask.TaskAllowesDatbaseSelection"></member>
    <member name="P:Microsoft.SqlServer.Management.DatabaseMaintenance.DbMaintenanceTSQLExecuteTask.TaskAllowesTableSelection"></member>
    <member name="M:Microsoft.SqlServer.Management.DatabaseMaintenance.DbMaintenanceTSQLExecuteTask.Validate(Microsoft.SqlServer.Dts.Runtime.Connections,Microsoft.SqlServer.Dts.Runtime.VariableDispenser,Microsoft.SqlServer.Dts.Runtime.IDTSComponentEvents,Microsoft.SqlServer.Dts.Runtime.IDTSLogging)"></member>
    <member name="T:Microsoft.SqlServer.Management.DatabaseMaintenance.DbMaintenanceUpdateStatisticsTask"></member>
    <member name="M:Microsoft.SqlServer.Management.DatabaseMaintenance.DbMaintenanceUpdateStatisticsTask.#ctor"></member>
    <member name="M:Microsoft.SqlServer.Management.DatabaseMaintenance.DbMaintenanceUpdateStatisticsTask.CopyTo(Microsoft.SqlServer.Management.DatabaseMaintenance.DatabaseMaintenanceBaseTask)"></member>
    <member name="P:Microsoft.SqlServer.Management.DatabaseMaintenance.DbMaintenanceUpdateStatisticsTask.Description"></member>
    <member name="M:Microsoft.SqlServer.Management.DatabaseMaintenance.DbMaintenanceUpdateStatisticsTask.Execute(Microsoft.SqlServer.Dts.Runtime.Connections,Microsoft.SqlServer.Dts.Runtime.VariableDispenser,Microsoft.SqlServer.Dts.Runtime.IDTSComponentEvents,Microsoft.SqlServer.Dts.Runtime.IDTSLogging,System.Object)"></member>
    <member name="M:Microsoft.SqlServer.Management.DatabaseMaintenance.DbMaintenanceUpdateStatisticsTask.LoadFromXML(System.Xml.XmlElement,Microsoft.SqlServer.Dts.Runtime.IDTSInfoEvents)"></member>
    <member name="M:Microsoft.SqlServer.Management.DatabaseMaintenance.DbMaintenanceUpdateStatisticsTask.SaveToXML(System.Xml.XmlDocument,Microsoft.SqlServer.Dts.Runtime.IDTSInfoEvents)"></member>
    <member name="P:Microsoft.SqlServer.Management.DatabaseMaintenance.DbMaintenanceUpdateStatisticsTask.TaskAllowesDatbaseSelection"></member>
    <member name="P:Microsoft.SqlServer.Management.DatabaseMaintenance.DbMaintenanceUpdateStatisticsTask.TaskAllowesTableSelection"></member>
    <member name="P:Microsoft.SqlServer.Management.DatabaseMaintenance.DbMaintenanceUpdateStatisticsTask.UpdateSampleValue"></member>
    <member name="P:Microsoft.SqlServer.Management.DatabaseMaintenance.DbMaintenanceUpdateStatisticsTask.UpdateScanType"></member>
    <member name="P:Microsoft.SqlServer.Management.DatabaseMaintenance.DbMaintenanceUpdateStatisticsTask.UpdateType"></member>
    <member name="M:Microsoft.SqlServer.Management.DatabaseMaintenance.DbMaintenanceUpdateStatisticsTask.Validate(Microsoft.SqlServer.Dts.Runtime.Connections,Microsoft.SqlServer.Dts.Runtime.VariableDispenser,Microsoft.SqlServer.Dts.Runtime.IDTSComponentEvents,Microsoft.SqlServer.Dts.Runtime.IDTSLogging)"></member>
    <member name="T:Microsoft.SqlServer.Management.DatabaseMaintenance.DestinationType"></member>
    <member name="F:Microsoft.SqlServer.Management.DatabaseMaintenance.DestinationType.Auto">
      <summary />
    </member>
    <member name="F:Microsoft.SqlServer.Management.DatabaseMaintenance.DestinationType.Manual">
      <summary />
    </member>
    <member name="T:Microsoft.SqlServer.Management.DatabaseMaintenance.FileType"></member>
    <member name="F:Microsoft.SqlServer.Management.DatabaseMaintenance.FileType.FileBackup">
      <summary />
    </member>
    <member name="F:Microsoft.SqlServer.Management.DatabaseMaintenance.FileType.FileReport">
      <summary />
    </member>
    <member name="T:Microsoft.SqlServer.Management.DatabaseMaintenance.IContextSelection"></member>
    <member name="P:Microsoft.SqlServer.Management.DatabaseMaintenance.IContextSelection.TaskAllowesDatbaseSelection"></member>
    <member name="P:Microsoft.SqlServer.Management.DatabaseMaintenance.IContextSelection.TaskAllowesTableSelection"></member>
    <member name="T:Microsoft.SqlServer.Management.DatabaseMaintenance.IDatabaseMaintenanceBaseTaskInterface"></member>
    <member name="P:Microsoft.SqlServer.Management.DatabaseMaintenance.IDatabaseMaintenanceBaseTaskInterface.DatabaseSelectionType"></member>
    <member name="P:Microsoft.SqlServer.Management.DatabaseMaintenance.IDatabaseMaintenanceBaseTaskInterface.ExtendedLogging"></member>
    <member name="P:Microsoft.SqlServer.Management.DatabaseMaintenance.IDatabaseMaintenanceBaseTaskInterface.IgnoreDatabasesInNotOnlineState"></member>
    <member name="P:Microsoft.SqlServer.Management.DatabaseMaintenance.IDatabaseMaintenanceBaseTaskInterface.LocalConnectionForLogging"></member>
    <member name="P:Microsoft.SqlServer.Management.DatabaseMaintenance.IDatabaseMaintenanceBaseTaskInterface.ObjectTypeSelection"></member>
    <member name="P:Microsoft.SqlServer.Management.DatabaseMaintenance.IDatabaseMaintenanceBaseTaskInterface.RunId"></member>
    <member name="P:Microsoft.SqlServer.Management.DatabaseMaintenance.IDatabaseMaintenanceBaseTaskInterface.SelectedDatabases"></member>
    <member name="P:Microsoft.SqlServer.Management.DatabaseMaintenance.IDatabaseMaintenanceBaseTaskInterface.SelectedTables"></member>
    <member name="P:Microsoft.SqlServer.Management.DatabaseMaintenance.IDatabaseMaintenanceBaseTaskInterface.ServerVersion"></member>
    <member name="P:Microsoft.SqlServer.Management.DatabaseMaintenance.IDatabaseMaintenanceBaseTaskInterface.TableSelectionType"></member>
    <member name="P:Microsoft.SqlServer.Management.DatabaseMaintenance.IDatabaseMaintenanceBaseTaskInterface.TaskConnectionName"></member>
    <member name="P:Microsoft.SqlServer.Management.DatabaseMaintenance.IDatabaseMaintenanceBaseTaskInterface.TaskName"></member>
    <member name="T:Microsoft.SqlServer.Management.DatabaseMaintenance.IDbMaintenanceBackupTaskInterface"></member>
    <member name="P:Microsoft.SqlServer.Management.DatabaseMaintenance.IDbMaintenanceBackupTaskInterface.BackupAction"></member>
    <member name="P:Microsoft.SqlServer.Management.DatabaseMaintenance.IDbMaintenanceBackupTaskInterface.BackupDeviceType"></member>
    <member name="P:Microsoft.SqlServer.Management.DatabaseMaintenance.IDbMaintenanceBackupTaskInterface.BackupFileExtension"></member>
    <member name="P:Microsoft.SqlServer.Management.DatabaseMaintenance.IDbMaintenanceBackupTaskInterface.BackupIsIncremental"></member>
    <member name="P:Microsoft.SqlServer.Management.DatabaseMaintenance.IDbMaintenanceBackupTaskInterface.BackupPhisycalDestinationType"></member>
    <member name="P:Microsoft.SqlServer.Management.DatabaseMaintenance.IDbMaintenanceBackupTaskInterface.BackupTailLog"></member>
    <member name="P:Microsoft.SqlServer.Management.DatabaseMaintenance.IDbMaintenanceBackupTaskInterface.CreateSubFolder"></member>
    <member name="P:Microsoft.SqlServer.Management.DatabaseMaintenance.IDbMaintenanceBackupTaskInterface.DestinationAutoFolderPath"></member>
    <member name="P:Microsoft.SqlServer.Management.DatabaseMaintenance.IDbMaintenanceBackupTaskInterface.DestinationCreationType"></member>
    <member name="P:Microsoft.SqlServer.Management.DatabaseMaintenance.IDbMaintenanceBackupTaskInterface.DestinationManualList"></member>
    <member name="P:Microsoft.SqlServer.Management.DatabaseMaintenance.IDbMaintenanceBackupTaskInterface.ExistingBackupsAction"></member>
    <member name="P:Microsoft.SqlServer.Management.DatabaseMaintenance.IDbMaintenanceBackupTaskInterface.ExpireDate"></member>
    <member name="P:Microsoft.SqlServer.Management.DatabaseMaintenance.IDbMaintenanceBackupTaskInterface.FileGroupsFiles"></member>
    <member name="P:Microsoft.SqlServer.Management.DatabaseMaintenance.IDbMaintenanceBackupTaskInterface.InDays"></member>
    <member name="P:Microsoft.SqlServer.Management.DatabaseMaintenance.IDbMaintenanceBackupTaskInterface.RetainDays"></member>
    <member name="P:Microsoft.SqlServer.Management.DatabaseMaintenance.IDbMaintenanceBackupTaskInterface.UseExpiration"></member>
    <member name="P:Microsoft.SqlServer.Management.DatabaseMaintenance.IDbMaintenanceBackupTaskInterface.VerifyIntegrity"></member>
    <member name="T:Microsoft.SqlServer.Management.DatabaseMaintenance.IDbMaintenanceCheckIntegrityTaskInterface"></member>
    <member name="P:Microsoft.SqlServer.Management.DatabaseMaintenance.IDbMaintenanceCheckIntegrityTaskInterface.IncludeIndexes"></member>
    <member name="T:Microsoft.SqlServer.Management.DatabaseMaintenance.IDbMaintenanceDefragmentIndexTaskInterface"></member>
    <member name="P:Microsoft.SqlServer.Management.DatabaseMaintenance.IDbMaintenanceDefragmentIndexTaskInterface.CompactLargeObjects"></member>
    <member name="T:Microsoft.SqlServer.Management.DatabaseMaintenance.IDbMaintenanceExecuteAgentJobTaskInterface"></member>
    <member name="P:Microsoft.SqlServer.Management.DatabaseMaintenance.IDbMaintenanceExecuteAgentJobTaskInterface.AgentJobId"></member>
    <member name="T:Microsoft.SqlServer.Management.DatabaseMaintenance.IDbMaintenanceFileCleanUpTaskInterface"></member>
    <member name="P:Microsoft.SqlServer.Management.DatabaseMaintenance.IDbMaintenanceFileCleanUpTaskInterface.AgeBased"></member>
    <member name="P:Microsoft.SqlServer.Management.DatabaseMaintenance.IDbMaintenanceFileCleanUpTaskInterface.CleanSubFolders"></member>
    <member name="P:Microsoft.SqlServer.Management.DatabaseMaintenance.IDbMaintenanceFileCleanUpTaskInterface.DeleteSpecificFile"></member>
    <member name="P:Microsoft.SqlServer.Management.DatabaseMaintenance.IDbMaintenanceFileCleanUpTaskInterface.FileExtension"></member>
    <member name="P:Microsoft.SqlServer.Management.DatabaseMaintenance.IDbMaintenanceFileCleanUpTaskInterface.FilePath"></member>
    <member name="P:Microsoft.SqlServer.Management.DatabaseMaintenance.IDbMaintenanceFileCleanUpTaskInterface.FileTypeSelected"></member>
    <member name="P:Microsoft.SqlServer.Management.DatabaseMaintenance.IDbMaintenanceFileCleanUpTaskInterface.FolderPath"></member>
    <member name="P:Microsoft.SqlServer.Management.DatabaseMaintenance.IDbMaintenanceFileCleanUpTaskInterface.OlderThanTimeUnits"></member>
    <member name="P:Microsoft.SqlServer.Management.DatabaseMaintenance.IDbMaintenanceFileCleanUpTaskInterface.OlderThanTimeUnitType"></member>
    <member name="T:Microsoft.SqlServer.Management.DatabaseMaintenance.IDbMaintenanceHistoryCleanupTaskInterface"></member>
    <member name="P:Microsoft.SqlServer.Management.DatabaseMaintenance.IDbMaintenanceHistoryCleanupTaskInterface.OlderThanTimeUnits"></member>
    <member name="P:Microsoft.SqlServer.Management.DatabaseMaintenance.IDbMaintenanceHistoryCleanupTaskInterface.OlderThanTimeUnitType"></member>
    <member name="P:Microsoft.SqlServer.Management.DatabaseMaintenance.IDbMaintenanceHistoryCleanupTaskInterface.RemoveBackupRestorHistory"></member>
    <member name="P:Microsoft.SqlServer.Management.DatabaseMaintenance.IDbMaintenanceHistoryCleanupTaskInterface.RemoveDbMaintHistory"></member>
    <member name="P:Microsoft.SqlServer.Management.DatabaseMaintenance.IDbMaintenanceHistoryCleanupTaskInterface.RemoveSqlAgentHistory"></member>
    <member name="T:Microsoft.SqlServer.Management.DatabaseMaintenance.IDbMaintenanceNotifyOperatorTaskInterface"></member>
    <member name="P:Microsoft.SqlServer.Management.DatabaseMaintenance.IDbMaintenanceNotifyOperatorTaskInterface.Message"></member>
    <member name="P:Microsoft.SqlServer.Management.DatabaseMaintenance.IDbMaintenanceNotifyOperatorTaskInterface.OperatorNotify"></member>
    <member name="P:Microsoft.SqlServer.Management.DatabaseMaintenance.IDbMaintenanceNotifyOperatorTaskInterface.Profile"></member>
    <member name="P:Microsoft.SqlServer.Management.DatabaseMaintenance.IDbMaintenanceNotifyOperatorTaskInterface.Subject"></member>
    <member name="T:Microsoft.SqlServer.Management.DatabaseMaintenance.IDbMaintenanceReindexTaskInterface"></member>
    <member name="P:Microsoft.SqlServer.Management.DatabaseMaintenance.IDbMaintenanceReindexTaskInterface.AdvKeepOnline"></member>
    <member name="P:Microsoft.SqlServer.Management.DatabaseMaintenance.IDbMaintenanceReindexTaskInterface.AdvSortInTempdb"></member>
    <member name="P:Microsoft.SqlServer.Management.DatabaseMaintenance.IDbMaintenanceReindexTaskInterface.ReindexPercentage"></member>
    <member name="P:Microsoft.SqlServer.Management.DatabaseMaintenance.IDbMaintenanceReindexTaskInterface.ReindexWithOriginalAmount"></member>
    <member name="T:Microsoft.SqlServer.Management.DatabaseMaintenance.IDbMaintenanceShrinkTaskInterface"></member>
    <member name="P:Microsoft.SqlServer.Management.DatabaseMaintenance.IDbMaintenanceShrinkTaskInterface.DatabaseSizeLimit"></member>
    <member name="P:Microsoft.SqlServer.Management.DatabaseMaintenance.IDbMaintenanceShrinkTaskInterface.PercentLimit"></member>
    <member name="P:Microsoft.SqlServer.Management.DatabaseMaintenance.IDbMaintenanceShrinkTaskInterface.ReturnFreedSpace"></member>
    <member name="T:Microsoft.SqlServer.Management.DatabaseMaintenance.IDbMaintenanceUpdateStatisticsTaskInterface"></member>
    <member name="P:Microsoft.SqlServer.Management.DatabaseMaintenance.IDbMaintenanceUpdateStatisticsTaskInterface.UpdateSampleValue"></member>
    <member name="P:Microsoft.SqlServer.Management.DatabaseMaintenance.IDbMaintenanceUpdateStatisticsTaskInterface.UpdateScanType"></member>
    <member name="P:Microsoft.SqlServer.Management.DatabaseMaintenance.IDbMaintenanceUpdateStatisticsTaskInterface.UpdateType"></member>
    <member name="T:Microsoft.SqlServer.Management.DatabaseMaintenance.IReportingTaskInterface"></member>
    <member name="P:Microsoft.SqlServer.Management.DatabaseMaintenance.IReportingTaskInterface.CreateNewFile"></member>
    <member name="P:Microsoft.SqlServer.Management.DatabaseMaintenance.IReportingTaskInterface.EmailReport"></member>
    <member name="P:Microsoft.SqlServer.Management.DatabaseMaintenance.IReportingTaskInterface.GenerateTextReport"></member>
    <member name="P:Microsoft.SqlServer.Management.DatabaseMaintenance.IReportingTaskInterface.LogRemote"></member>
    <member name="P:Microsoft.SqlServer.Management.DatabaseMaintenance.IReportingTaskInterface.OperatorName"></member>
    <member name="P:Microsoft.SqlServer.Management.DatabaseMaintenance.IReportingTaskInterface.Path"></member>
    <member name="P:Microsoft.SqlServer.Management.DatabaseMaintenance.IReportingTaskInterface.ProxyAccountName"></member>
    <member name="P:Microsoft.SqlServer.Management.DatabaseMaintenance.IReportingTaskInterface.RemoteConnectionName"></member>
    <member name="P:Microsoft.SqlServer.Management.DatabaseMaintenance.IReportingTaskInterface.SequenceId"></member>
    <member name="T:Microsoft.SqlServer.Management.DatabaseMaintenance.ITaskDescriptionInterface"></member>
    <member name="P:Microsoft.SqlServer.Management.DatabaseMaintenance.ITaskDescriptionInterface.Description"></member>
    <member name="T:Microsoft.SqlServer.Management.DatabaseMaintenance.MaintenancePlan"></member>
    <member name="M:Microsoft.SqlServer.Management.DatabaseMaintenance.MaintenancePlan.#ctor"></member>
    <member name="M:Microsoft.SqlServer.Management.DatabaseMaintenance.MaintenancePlan.#ctor(Microsoft.SqlServer.Dts.Runtime.Package,Microsoft.SqlServer.Management.Common.ServerConnection)"></member>
    <member name="M:Microsoft.SqlServer.Management.DatabaseMaintenance.MaintenancePlan.#ctor(Microsoft.SqlServer.Management.Common.ServerConnection)"></member>
    <member name="M:Microsoft.SqlServer.Management.DatabaseMaintenance.MaintenancePlan.#ctor(Microsoft.SqlServer.Management.Common.ServerConnection,System.String)"></member>
    <member name="M:Microsoft.SqlServer.Management.DatabaseMaintenance.MaintenancePlan.AddConnection(System.String,System.String)"></member>
    <member name="P:Microsoft.SqlServer.Management.DatabaseMaintenance.MaintenancePlan.BasePackage"></member>
    <member name="M:Microsoft.SqlServer.Management.DatabaseMaintenance.MaintenancePlan.CanBeDistributed"></member>
    <member name="P:Microsoft.SqlServer.Management.DatabaseMaintenance.MaintenancePlan.Connections"></member>
    <member name="M:Microsoft.SqlServer.Management.DatabaseMaintenance.MaintenancePlan.DeleteConnection(System.String)"></member>
    <member name="P:Microsoft.SqlServer.Management.DatabaseMaintenance.MaintenancePlan.Description"></member>
    <member name="M:Microsoft.SqlServer.Management.DatabaseMaintenance.MaintenancePlan.ExecuteAllSubPlans"></member>
    <member name="P:Microsoft.SqlServer.Management.DatabaseMaintenance.MaintenancePlan.FromMSX"></member>
    <member name="M:Microsoft.SqlServer.Management.DatabaseMaintenance.MaintenancePlan.GetMaintenancePlanFromServer(System.String,System.String,System.String,Microsoft.SqlServer.Common.SqlSecureString)"></member>
    <member name="M:Microsoft.SqlServer.Management.DatabaseMaintenance.MaintenancePlan.GetSubPlanIndexIntoExecutables(System.String,System.Int32@)"></member>
    <member name="M:Microsoft.SqlServer.Management.DatabaseMaintenance.MaintenancePlan.HasConnection(System.String)"></member>
    <member name="M:Microsoft.SqlServer.Management.DatabaseMaintenance.MaintenancePlan.InitializeNewPlanForDesigner"></member>
    <member name="P:Microsoft.SqlServer.Management.DatabaseMaintenance.MaintenancePlan.IsDistributed"></member>
    <member name="M:Microsoft.SqlServer.Management.DatabaseMaintenance.MaintenancePlan.LoadFromSqlServer(System.String,Microsoft.SqlServer.Management.Common.ServerConnection)"></member>
    <member name="P:Microsoft.SqlServer.Management.DatabaseMaintenance.MaintenancePlan.LocalServerConnection"></member>
    <member name="P:Microsoft.SqlServer.Management.DatabaseMaintenance.MaintenancePlan.LocalServerConnectionName"></member>
    <member name="P:Microsoft.SqlServer.Management.DatabaseMaintenance.MaintenancePlan.LocalServerTargeted"></member>
    <member name="F:Microsoft.SqlServer.Management.DatabaseMaintenance.MaintenancePlan.MaintenancePlansFolder"></member>
    <member name="P:Microsoft.SqlServer.Management.DatabaseMaintenance.MaintenancePlan.MSXServer"></member>
    <member name="P:Microsoft.SqlServer.Management.DatabaseMaintenance.MaintenancePlan.Name"></member>
    <member name="M:Microsoft.SqlServer.Management.DatabaseMaintenance.MaintenancePlan.OnAllMaintPlanJobsArrived(System.String,System.String,System.String,System.String,System.Int32@)"></member>
    <member name="M:Microsoft.SqlServer.Management.DatabaseMaintenance.MaintenancePlan.OnMaintPlanJobArrivedFromMSX(System.String,System.String,System.String)"></member>
    <member name="M:Microsoft.SqlServer.Management.DatabaseMaintenance.MaintenancePlan.OnRemovedFromSqlServer"></member>
    <member name="M:Microsoft.SqlServer.Management.DatabaseMaintenance.MaintenancePlan.OnSave"></member>
    <member name="P:Microsoft.SqlServer.Management.DatabaseMaintenance.MaintenancePlan.OriginalName"></member>
    <member name="P:Microsoft.SqlServer.Management.DatabaseMaintenance.MaintenancePlan.Owner"></member>
    <member name="P:Microsoft.SqlServer.Management.DatabaseMaintenance.MaintenancePlan.PackageXML"></member>
    <member name="M:Microsoft.SqlServer.Management.DatabaseMaintenance.MaintenancePlan.PlanNameExists(System.String,Microsoft.SqlServer.Management.Common.ServerConnection)"></member>
    <member name="P:Microsoft.SqlServer.Management.DatabaseMaintenance.MaintenancePlan.PotentialTargetServers"></member>
    <member name="M:Microsoft.SqlServer.Management.DatabaseMaintenance.MaintenancePlan.PreSaveFromUI"></member>
    <member name="M:Microsoft.SqlServer.Management.DatabaseMaintenance.MaintenancePlan.RemoveFromSqlServer"></member>
    <member name="M:Microsoft.SqlServer.Management.DatabaseMaintenance.MaintenancePlan.Rename(System.String)"></member>
    <member name="P:Microsoft.SqlServer.Management.DatabaseMaintenance.MaintenancePlan.ReportingOptions"></member>
    <member name="M:Microsoft.SqlServer.Management.DatabaseMaintenance.MaintenancePlan.Save"></member>
    <member name="P:Microsoft.SqlServer.Management.DatabaseMaintenance.MaintenancePlan.ServerRole"></member>
    <member name="P:Microsoft.SqlServer.Management.DatabaseMaintenance.MaintenancePlan.Subplans"></member>
    <member name="P:Microsoft.SqlServer.Management.DatabaseMaintenance.MaintenancePlan.SubplansIds"></member>
    <member name="P:Microsoft.SqlServer.Management.DatabaseMaintenance.MaintenancePlan.TargetedServerGroups"></member>
    <member name="P:Microsoft.SqlServer.Management.DatabaseMaintenance.MaintenancePlan.TargetedServers"></member>
    <member name="P:Microsoft.SqlServer.Management.DatabaseMaintenance.MaintenancePlan.TargetServerGroups"></member>
    <member name="T:Microsoft.SqlServer.Management.DatabaseMaintenance.MaintenancePlan.SubPlansCollection"></member>
    <member name="M:Microsoft.SqlServer.Management.DatabaseMaintenance.MaintenancePlan.SubPlansCollection.Add(Microsoft.SqlServer.Dts.Runtime.DtsContainer)"></member>
    <member name="M:Microsoft.SqlServer.Management.DatabaseMaintenance.MaintenancePlan.SubPlansCollection.Add(System.String,System.String)"></member>
    <member name="P:Microsoft.SqlServer.Management.DatabaseMaintenance.MaintenancePlan.SubPlansCollection.Item(System.Int32)"></member>
    <member name="P:Microsoft.SqlServer.Management.DatabaseMaintenance.MaintenancePlan.SubPlansCollection.Item(System.String)"></member>
    <member name="M:Microsoft.SqlServer.Management.DatabaseMaintenance.MaintenancePlan.SubPlansCollection.OnRemoveComplete(System.Int32,System.Object)"></member>
    <member name="M:Microsoft.SqlServer.Management.DatabaseMaintenance.MaintenancePlan.SubPlansCollection.Remove(Microsoft.SqlServer.Management.DatabaseMaintenance.MaintenancePlanSubPlan)"></member>
    <member name="T:Microsoft.SqlServer.Management.DatabaseMaintenance.MaintenancePlanSubPlan"></member>
    <member name="M:Microsoft.SqlServer.Management.DatabaseMaintenance.MaintenancePlanSubPlan.#ctor(Microsoft.SqlServer.Dts.Runtime.Package,Microsoft.SqlServer.Dts.Runtime.DtsContainer,Microsoft.SqlServer.Management.Common.ServerConnection)"></member>
    <member name="M:Microsoft.SqlServer.Management.DatabaseMaintenance.MaintenancePlanSubPlan.#ctor(Microsoft.SqlServer.Dts.Runtime.Package,Microsoft.SqlServer.Dts.Runtime.Sequence,Microsoft.SqlServer.Management.Common.ServerConnection)"></member>
    <member name="M:Microsoft.SqlServer.Management.DatabaseMaintenance.MaintenancePlanSubPlan.#ctor(System.String,System.String,Microsoft.SqlServer.Dts.Runtime.Package,Microsoft.SqlServer.Management.Common.ServerConnection)"></member>
    <member name="M:Microsoft.SqlServer.Management.DatabaseMaintenance.MaintenancePlanSubPlan.AddConstraintBetweenTasks(Microsoft.SqlServer.Dts.Runtime.Executable,Microsoft.SqlServer.Dts.Runtime.DTSExecResult,Microsoft.SqlServer.Dts.Runtime.Executable)"></member>
    <member name="M:Microsoft.SqlServer.Management.DatabaseMaintenance.MaintenancePlanSubPlan.AddConstraintBetweenTasks(Microsoft.SqlServer.Management.DatabaseMaintenance.DatabaseMaintenanceBaseTask,Microsoft.SqlServer.Dts.Runtime.DTSExecResult,Microsoft.SqlServer.Management.DatabaseMaintenance.DatabaseMaintenanceBaseTask)"></member>
    <member name="M:Microsoft.SqlServer.Management.DatabaseMaintenance.MaintenancePlanSubPlan.AddTask(Microsoft.SqlServer.Management.DatabaseMaintenance.DatabaseMaintenanceBaseTask)"></member>
    <member name="P:Microsoft.SqlServer.Management.DatabaseMaintenance.MaintenancePlanSubPlan.BaseSequence"></member>
    <member name="M:Microsoft.SqlServer.Management.DatabaseMaintenance.MaintenancePlanSubPlan.CompareTo(System.Object)"></member>
    <member name="M:Microsoft.SqlServer.Management.DatabaseMaintenance.MaintenancePlanSubPlan.DeleteReportingTask"></member>
    <member name="P:Microsoft.SqlServer.Management.DatabaseMaintenance.MaintenancePlanSubPlan.Description"></member>
    <member name="M:Microsoft.SqlServer.Management.DatabaseMaintenance.MaintenancePlanSubPlan.ExecuteLocalJob"></member>
    <member name="M:Microsoft.SqlServer.Management.DatabaseMaintenance.MaintenancePlanSubPlan.ExecuteTargetServersJob"></member>
    <member name="P:Microsoft.SqlServer.Management.DatabaseMaintenance.MaintenancePlanSubPlan.ID"></member>
    <member name="P:Microsoft.SqlServer.Management.DatabaseMaintenance.MaintenancePlanSubPlan.JobLocal"></member>
    <member name="P:Microsoft.SqlServer.Management.DatabaseMaintenance.MaintenancePlanSubPlan.JobMsx"></member>
    <member name="P:Microsoft.SqlServer.Management.DatabaseMaintenance.MaintenancePlanSubPlan.JobMsxID"></member>
    <member name="P:Microsoft.SqlServer.Management.DatabaseMaintenance.MaintenancePlanSubPlan.Name"></member>
    <member name="P:Microsoft.SqlServer.Management.DatabaseMaintenance.MaintenancePlanSubPlan.ProxyName"></member>
    <member name="M:Microsoft.SqlServer.Management.DatabaseMaintenance.MaintenancePlanSubPlan.Rename(System.String)"></member>
    <member name="P:Microsoft.SqlServer.Management.DatabaseMaintenance.MaintenancePlanSubPlan.Schedule"></member>
    <member name="P:Microsoft.SqlServer.Management.DatabaseMaintenance.MaintenancePlanSubPlan.ScheduleID"></member>
    <member name="P:Microsoft.SqlServer.Management.DatabaseMaintenance.MaintenancePlanSubPlan.ScheduleIDStr"></member>
    <member name="T:Microsoft.SqlServer.Management.DatabaseMaintenance.ObjectType"></member>
    <member name="F:Microsoft.SqlServer.Management.DatabaseMaintenance.ObjectType.Invalid">
      <summary />
    </member>
    <member name="F:Microsoft.SqlServer.Management.DatabaseMaintenance.ObjectType.Table">
      <summary />
    </member>
    <member name="F:Microsoft.SqlServer.Management.DatabaseMaintenance.ObjectType.View">
      <summary />
    </member>
    <member name="F:Microsoft.SqlServer.Management.DatabaseMaintenance.ObjectType.TableView">
      <summary />
    </member>
    <member name="T:Microsoft.SqlServer.Management.DatabaseMaintenance.ReportingOptions"></member>
    <member name="M:Microsoft.SqlServer.Management.DatabaseMaintenance.ReportingOptions.#ctor"></member>
    <member name="M:Microsoft.SqlServer.Management.DatabaseMaintenance.ReportingOptions.#ctor(Microsoft.SqlServer.Management.DatabaseMaintenance.ReportingOptions)"></member>
    <member name="M:Microsoft.SqlServer.Management.DatabaseMaintenance.ReportingOptions.#ctor(System.Boolean,System.Boolean,System.Boolean,System.Boolean,System.String,System.String,System.Boolean,System.String)"></member>
    <member name="P:Microsoft.SqlServer.Management.DatabaseMaintenance.ReportingOptions.AgentOperator"></member>
    <member name="P:Microsoft.SqlServer.Management.DatabaseMaintenance.ReportingOptions.CreateNewFile"></member>
    <member name="P:Microsoft.SqlServer.Management.DatabaseMaintenance.ReportingOptions.GenerateTextFileReport"></member>
    <member name="P:Microsoft.SqlServer.Management.DatabaseMaintenance.ReportingOptions.LogExtendedInfo"></member>
    <member name="P:Microsoft.SqlServer.Management.DatabaseMaintenance.ReportingOptions.LogRemote"></member>
    <member name="P:Microsoft.SqlServer.Management.DatabaseMaintenance.ReportingOptions.RemoteConnectionName"></member>
    <member name="P:Microsoft.SqlServer.Management.DatabaseMaintenance.ReportingOptions.ReportPath"></member>
    <member name="P:Microsoft.SqlServer.Management.DatabaseMaintenance.ReportingOptions.SendEmail"></member>
    <member name="T:Microsoft.SqlServer.Management.DatabaseMaintenance.ReportingTask"></member>
    <member name="M:Microsoft.SqlServer.Management.DatabaseMaintenance.ReportingTask.#ctor"></member>
    <member name="P:Microsoft.SqlServer.Management.DatabaseMaintenance.ReportingTask.CreateNewFile"></member>
    <member name="P:Microsoft.SqlServer.Management.DatabaseMaintenance.ReportingTask.EmailReport"></member>
    <member name="M:Microsoft.SqlServer.Management.DatabaseMaintenance.ReportingTask.Execute(Microsoft.SqlServer.Dts.Runtime.Connections,Microsoft.SqlServer.Dts.Runtime.VariableDispenser,Microsoft.SqlServer.Dts.Runtime.IDTSComponentEvents,Microsoft.SqlServer.Dts.Runtime.IDTSLogging,System.Object)"></member>
    <member name="P:Microsoft.SqlServer.Management.DatabaseMaintenance.ReportingTask.GenerateTextReport"></member>
    <member name="M:Microsoft.SqlServer.Management.DatabaseMaintenance.ReportingTask.LoadFromXML(System.Xml.XmlElement,Microsoft.SqlServer.Dts.Runtime.IDTSInfoEvents)"></member>
    <member name="P:Microsoft.SqlServer.Management.DatabaseMaintenance.ReportingTask.LogRemote"></member>
    <member name="P:Microsoft.SqlServer.Management.DatabaseMaintenance.ReportingTask.OperatorName"></member>
    <member name="P:Microsoft.SqlServer.Management.DatabaseMaintenance.ReportingTask.Path"></member>
    <member name="P:Microsoft.SqlServer.Management.DatabaseMaintenance.ReportingTask.ProxyAccountName"></member>
    <member name="P:Microsoft.SqlServer.Management.DatabaseMaintenance.ReportingTask.RemoteConnectionName"></member>
    <member name="M:Microsoft.SqlServer.Management.DatabaseMaintenance.ReportingTask.SaveToXML(System.Xml.XmlDocument,Microsoft.SqlServer.Dts.Runtime.IDTSInfoEvents)"></member>
    <member name="P:Microsoft.SqlServer.Management.DatabaseMaintenance.ReportingTask.SequenceId"></member>
    <member name="P:Microsoft.SqlServer.Management.DatabaseMaintenance.ReportingTask.TaskAllowesDatbaseSelection"></member>
    <member name="P:Microsoft.SqlServer.Management.DatabaseMaintenance.ReportingTask.TaskAllowesTableSelection"></member>
    <member name="T:Microsoft.SqlServer.Management.DatabaseMaintenance.SubPlanDescriptionChangeEventArgs"></member>
    <member name="M:Microsoft.SqlServer.Management.DatabaseMaintenance.SubPlanDescriptionChangeEventArgs.#ctor(System.String)"></member>
    <member name="P:Microsoft.SqlServer.Management.DatabaseMaintenance.SubPlanDescriptionChangeEventArgs.NewSubPlanDescription"></member>
    <member name="T:Microsoft.SqlServer.Management.DatabaseMaintenance.SubPlanNameChangeEventArgs"></member>
    <member name="M:Microsoft.SqlServer.Management.DatabaseMaintenance.SubPlanNameChangeEventArgs.#ctor(System.String)"></member>
    <member name="P:Microsoft.SqlServer.Management.DatabaseMaintenance.SubPlanNameChangeEventArgs.NewSubPlanName"></member>
    <member name="T:Microsoft.SqlServer.Management.DatabaseMaintenance.SubPlanPostExecuteTask"></member>
    <member name="M:Microsoft.SqlServer.Management.DatabaseMaintenance.SubPlanPostExecuteTask.#ctor"></member>
    <member name="M:Microsoft.SqlServer.Management.DatabaseMaintenance.SubPlanPostExecuteTask.Execute(Microsoft.SqlServer.Dts.Runtime.Connections,Microsoft.SqlServer.Dts.Runtime.VariableDispenser,Microsoft.SqlServer.Dts.Runtime.IDTSComponentEvents,Microsoft.SqlServer.Dts.Runtime.IDTSLogging,System.Object)"></member>
    <member name="M:Microsoft.SqlServer.Management.DatabaseMaintenance.SubPlanPostExecuteTask.LoadFromXML(System.Xml.XmlElement,Microsoft.SqlServer.Dts.Runtime.IDTSInfoEvents)"></member>
    <member name="M:Microsoft.SqlServer.Management.DatabaseMaintenance.SubPlanPostExecuteTask.SaveToXML(System.Xml.XmlDocument,Microsoft.SqlServer.Dts.Runtime.IDTSInfoEvents)"></member>
    <member name="P:Microsoft.SqlServer.Management.DatabaseMaintenance.SubPlanPostExecuteTask.TaskAllowesDatbaseSelection"></member>
    <member name="P:Microsoft.SqlServer.Management.DatabaseMaintenance.SubPlanPostExecuteTask.TaskAllowesTableSelection"></member>
    <member name="M:Microsoft.SqlServer.Management.DatabaseMaintenance.SubPlanPostExecuteTask.Validate(Microsoft.SqlServer.Dts.Runtime.Connections,Microsoft.SqlServer.Dts.Runtime.VariableDispenser,Microsoft.SqlServer.Dts.Runtime.IDTSComponentEvents,Microsoft.SqlServer.Dts.Runtime.IDTSLogging)"></member>
    <member name="T:Microsoft.SqlServer.Management.DatabaseMaintenance.TableSelection"></member>
    <member name="F:Microsoft.SqlServer.Management.DatabaseMaintenance.TableSelection.None">
      <summary />
    </member>
    <member name="F:Microsoft.SqlServer.Management.DatabaseMaintenance.TableSelection.All">
      <summary />
    </member>
    <member name="F:Microsoft.SqlServer.Management.DatabaseMaintenance.TableSelection.Specific">
      <summary />
    </member>
    <member name="T:Microsoft.SqlServer.Management.DatabaseMaintenance.TaskUIUtils"></member>
    <member name="F:Microsoft.SqlServer.Management.DatabaseMaintenance.TaskUIUtils.AdoNetSqlConnection"></member>
    <member name="P:Microsoft.SqlServer.Management.DatabaseMaintenance.TaskUIUtils.AgentServiceAccount"></member>
    <member name="M:Microsoft.SqlServer.Management.DatabaseMaintenance.TaskUIUtils.BuildSqlScript(Microsoft.SqlServer.Management.Smo.Server)"></member>
    <member name="M:Microsoft.SqlServer.Management.DatabaseMaintenance.TaskUIUtils.CanReIndex(Microsoft.SqlServer.Management.Smo.Index,Microsoft.SqlServer.Management.Smo.TableViewBase,System.Boolean,System.Int32)"></member>
    <member name="F:Microsoft.SqlServer.Management.DatabaseMaintenance.TaskUIUtils.CloseSubPlanLog"></member>
    <member name="F:Microsoft.SqlServer.Management.DatabaseMaintenance.TaskUIUtils.CreateSubFolderXp"></member>
    <member name="F:Microsoft.SqlServer.Management.DatabaseMaintenance.TaskUIUtils.ctDefaultProfile"></member>
    <member name="F:Microsoft.SqlServer.Management.DatabaseMaintenance.TaskUIUtils.ctDeviceFile"></member>
    <member name="F:Microsoft.SqlServer.Management.DatabaseMaintenance.TaskUIUtils.ctDeviceLogical"></member>
    <member name="F:Microsoft.SqlServer.Management.DatabaseMaintenance.TaskUIUtils.ctDeviceTape"></member>
    <member name="F:Microsoft.SqlServer.Management.DatabaseMaintenance.TaskUIUtils.ctNotifyEmail"></member>
    <member name="F:Microsoft.SqlServer.Management.DatabaseMaintenance.TaskUIUtils.ctNotifyNetSend"></member>
    <member name="F:Microsoft.SqlServer.Management.DatabaseMaintenance.TaskUIUtils.ctNotifyPager"></member>
    <member name="P:Microsoft.SqlServer.Management.DatabaseMaintenance.TaskUIUtils.ErrorPlanCannotBeDistributedDueToConnections"></member>
    <member name="F:Microsoft.SqlServer.Management.DatabaseMaintenance.TaskUIUtils.ExtendeLoggingVariableName"></member>
    <member name="F:Microsoft.SqlServer.Management.DatabaseMaintenance.TaskUIUtils.FileCleanupXp2"></member>
    <member name="F:Microsoft.SqlServer.Management.DatabaseMaintenance.TaskUIUtils.FileCleanupXp3"></member>
    <member name="F:Microsoft.SqlServer.Management.DatabaseMaintenance.TaskUIUtils.FileCleanupXp4"></member>
    <member name="F:Microsoft.SqlServer.Management.DatabaseMaintenance.TaskUIUtils.FileCleanupXp5"></member>
    <member name="F:Microsoft.SqlServer.Management.DatabaseMaintenance.TaskUIUtils.GenerateRunIdStringFormat"></member>
    <member name="M:Microsoft.SqlServer.Management.DatabaseMaintenance.TaskUIUtils.GetAttributeValue(System.Xml.XmlNode,System.String,System.String@)"></member>
    <member name="M:Microsoft.SqlServer.Management.DatabaseMaintenance.TaskUIUtils.GetDatabaseRecoveryModel(Microsoft.SqlServer.Management.Smo.Server,System.String)"></member>
    <member name="M:Microsoft.SqlServer.Management.DatabaseMaintenance.TaskUIUtils.GetDatabaseSelectionAsString(Microsoft.SqlServer.Management.DatabaseMaintenance.DatabaseSelection)"></member>
    <member name="M:Microsoft.SqlServer.Management.DatabaseMaintenance.TaskUIUtils.GetDefaultBackupFolder(Microsoft.SqlServer.Management.Smo.Server)"></member>
    <member name="M:Microsoft.SqlServer.Management.DatabaseMaintenance.TaskUIUtils.GetDefaultLogLocation(Microsoft.SqlServer.Management.Smo.Server)"></member>
    <member name="M:Microsoft.SqlServer.Management.DatabaseMaintenance.TaskUIUtils.GetNewPackageName(System.String)"></member>
    <member name="M:Microsoft.SqlServer.Management.DatabaseMaintenance.TaskUIUtils.GetNewSubPlanName(Microsoft.SqlServer.Dts.Runtime.Package)"></member>
    <member name="M:Microsoft.SqlServer.Management.DatabaseMaintenance.TaskUIUtils.GetNotifyValueFromValuePair(System.String)"></member>
    <member name="M:Microsoft.SqlServer.Management.DatabaseMaintenance.TaskUIUtils.GetObjectTypeAsString(Microsoft.SqlServer.Management.DatabaseMaintenance.ObjectType)"></member>
    <member name="M:Microsoft.SqlServer.Management.DatabaseMaintenance.TaskUIUtils.GetObjectTypeSelectionForDescription(Microsoft.SqlServer.Management.DatabaseMaintenance.ObjectType)"></member>
    <member name="M:Microsoft.SqlServer.Management.DatabaseMaintenance.TaskUIUtils.GetOldestDate(System.Int32,Microsoft.SqlServer.Management.DatabaseMaintenance.TimeUnitType)"></member>
    <member name="M:Microsoft.SqlServer.Management.DatabaseMaintenance.TaskUIUtils.GetOperatorNameFromValuePair(System.String)"></member>
    <member name="M:Microsoft.SqlServer.Management.DatabaseMaintenance.TaskUIUtils.GetOperatorNameNotifyValue(System.String,System.Int32)"></member>
    <member name="M:Microsoft.SqlServer.Management.DatabaseMaintenance.TaskUIUtils.GetSchemaTableName(System.String,System.String@,System.String@)"></member>
    <member name="M:Microsoft.SqlServer.Management.DatabaseMaintenance.TaskUIUtils.GetSelectedDatabases(Microsoft.SqlServer.Management.Smo.Server,Microsoft.SqlServer.Management.DatabaseMaintenance.DatabaseSelection)"></member>
    <member name="M:Microsoft.SqlServer.Management.DatabaseMaintenance.TaskUIUtils.GetSelectedTables(Microsoft.SqlServer.Management.Smo.Server,System.String,Microsoft.SqlServer.Management.DatabaseMaintenance.TableSelection,System.Int32)"></member>
    <member name="M:Microsoft.SqlServer.Management.DatabaseMaintenance.TaskUIUtils.GetSelectionSpecificListAsString(System.Collections.ArrayList)"></member>
    <member name="M:Microsoft.SqlServer.Management.DatabaseMaintenance.TaskUIUtils.GetServerName(System.String)"></member>
    <member name="F:Microsoft.SqlServer.Management.DatabaseMaintenance.TaskUIUtils.GetSubPlanLog"></member>
    <member name="F:Microsoft.SqlServer.Management.DatabaseMaintenance.TaskUIUtils.GetSubPlansLogFormat"></member>
    <member name="M:Microsoft.SqlServer.Management.DatabaseMaintenance.TaskUIUtils.GetTableSelectionAsString(Microsoft.SqlServer.Management.DatabaseMaintenance.TableSelection)"></member>
    <member name="F:Microsoft.SqlServer.Management.DatabaseMaintenance.TaskUIUtils.GetTasksLogsFormat"></member>
    <member name="M:Microsoft.SqlServer.Management.DatabaseMaintenance.TaskUIUtils.GetTimeUnitTypeAsString(Microsoft.SqlServer.Management.DatabaseMaintenance.TimeUnitType)"></member>
    <member name="F:Microsoft.SqlServer.Management.DatabaseMaintenance.TaskUIUtils.InsertLogDetailRecord"></member>
    <member name="F:Microsoft.SqlServer.Management.DatabaseMaintenance.TaskUIUtils.InsertLogRecord"></member>
    <member name="M:Microsoft.SqlServer.Management.DatabaseMaintenance.TaskUIUtils.IsDatabaseNotOnline(Microsoft.SqlServer.Management.Smo.Database,System.Int32)"></member>
    <member name="M:Microsoft.SqlServer.Management.DatabaseMaintenance.TaskUIUtils.IsDatabaseValid(Microsoft.SqlServer.Management.Smo.Database,System.Int32)"></member>
    <member name="F:Microsoft.SqlServer.Management.DatabaseMaintenance.TaskUIUtils.IsDbRoleMember"></member>
    <member name="M:Microsoft.SqlServer.Management.DatabaseMaintenance.TaskUIUtils.IsLargeObject(Microsoft.SqlServer.Management.Smo.SqlDataType)"></member>
    <member name="M:Microsoft.SqlServer.Management.DatabaseMaintenance.TaskUIUtils.IsMaterializedView(Microsoft.SqlServer.Management.Smo.View)"></member>
    <member name="M:Microsoft.SqlServer.Management.DatabaseMaintenance.TaskUIUtils.IsMemberOfDatabaseRole(Microsoft.SqlServer.Management.Smo.Server,System.String)"></member>
    <member name="M:Microsoft.SqlServer.Management.DatabaseMaintenance.TaskUIUtils.IsMemberOfServerRole(Microsoft.SqlServer.Management.Smo.Server,System.String)"></member>
    <member name="M:Microsoft.SqlServer.Management.DatabaseMaintenance.TaskUIUtils.IsMirrorDatabase(Microsoft.SqlServer.Management.Smo.Database,System.Int32)"></member>
    <member name="M:Microsoft.SqlServer.Management.DatabaseMaintenance.TaskUIUtils.IsPackageNameTaken(System.String,System.String)"></member>
    <member name="M:Microsoft.SqlServer.Management.DatabaseMaintenance.TaskUIUtils.IsPathExisting(Microsoft.SqlServer.Management.Common.ServerConnection,System.String,System.Boolean@)"></member>
    <member name="M:Microsoft.SqlServer.Management.DatabaseMaintenance.TaskUIUtils.IsSnapshotDatabase(Microsoft.SqlServer.Management.Smo.Database,System.Int32)"></member>
    <member name="F:Microsoft.SqlServer.Management.DatabaseMaintenance.TaskUIUtils.IsSvrRoleMember"></member>
    <member name="F:Microsoft.SqlServer.Management.DatabaseMaintenance.TaskUIUtils.LocalConnectionVariableName"></member>
    <member name="P:Microsoft.SqlServer.Management.DatabaseMaintenance.TaskUIUtils.LocalServerConnectionSuffix"></member>
    <member name="P:Microsoft.SqlServer.Management.DatabaseMaintenance.TaskUIUtils.LocalServerName"></member>
    <member name="M:Microsoft.SqlServer.Management.DatabaseMaintenance.TaskUIUtils.MarkDocumentDirty(System.String,Microsoft.SqlServer.Dts.Runtime.Package)"></member>
    <member name="F:Microsoft.SqlServer.Management.DatabaseMaintenance.TaskUIUtils.NotifyOperatorSp"></member>
    <member name="F:Microsoft.SqlServer.Management.DatabaseMaintenance.TaskUIUtils.NotifyOperatorSp90"></member>
    <member name="P:Microsoft.SqlServer.Management.DatabaseMaintenance.TaskUIUtils.NTAuth"></member>
    <member name="F:Microsoft.SqlServer.Management.DatabaseMaintenance.TaskUIUtils.ParamLogDetailCommand"></member>
    <member name="F:Microsoft.SqlServer.Management.DatabaseMaintenance.TaskUIUtils.ParamLogDetailEndTime"></member>
    <member name="F:Microsoft.SqlServer.Management.DatabaseMaintenance.TaskUIUtils.ParamLogDetailError"></member>
    <member name="F:Microsoft.SqlServer.Management.DatabaseMaintenance.TaskUIUtils.ParamLogDetailLine1"></member>
    <member name="F:Microsoft.SqlServer.Management.DatabaseMaintenance.TaskUIUtils.ParamLogDetailLine2"></member>
    <member name="F:Microsoft.SqlServer.Management.DatabaseMaintenance.TaskUIUtils.ParamLogDetailLine3"></member>
    <member name="F:Microsoft.SqlServer.Management.DatabaseMaintenance.TaskUIUtils.ParamLogDetailLine4"></member>
    <member name="F:Microsoft.SqlServer.Management.DatabaseMaintenance.TaskUIUtils.ParamLogDetailLine5"></member>
    <member name="F:Microsoft.SqlServer.Management.DatabaseMaintenance.TaskUIUtils.ParamLogDetailMessage"></member>
    <member name="F:Microsoft.SqlServer.Management.DatabaseMaintenance.TaskUIUtils.ParamLogDetailServerName"></member>
    <member name="F:Microsoft.SqlServer.Management.DatabaseMaintenance.TaskUIUtils.ParamLogDetailStartTime"></member>
    <member name="F:Microsoft.SqlServer.Management.DatabaseMaintenance.TaskUIUtils.ParamLogDetailSucceded"></member>
    <member name="F:Microsoft.SqlServer.Management.DatabaseMaintenance.TaskUIUtils.ParamLogDetailTaskDetailId"></member>
    <member name="F:Microsoft.SqlServer.Management.DatabaseMaintenance.TaskUIUtils.ParamLogEndTime"></member>
    <member name="F:Microsoft.SqlServer.Management.DatabaseMaintenance.TaskUIUtils.ParamLogPlanName"></member>
    <member name="F:Microsoft.SqlServer.Management.DatabaseMaintenance.TaskUIUtils.ParamLogServerName"></member>
    <member name="F:Microsoft.SqlServer.Management.DatabaseMaintenance.TaskUIUtils.ParamLogStartTime"></member>
    <member name="F:Microsoft.SqlServer.Management.DatabaseMaintenance.TaskUIUtils.ParamLogSubplanName"></member>
    <member name="F:Microsoft.SqlServer.Management.DatabaseMaintenance.TaskUIUtils.ParamLogSucceded"></member>
    <member name="F:Microsoft.SqlServer.Management.DatabaseMaintenance.TaskUIUtils.ParamLogTaskDetailId"></member>
    <member name="F:Microsoft.SqlServer.Management.DatabaseMaintenance.TaskUIUtils.PostExecuteEventHandlerName"></member>
    <member name="F:Microsoft.SqlServer.Management.DatabaseMaintenance.TaskUIUtils.PreExecuteEventHandlerName"></member>
    <member name="P:Microsoft.SqlServer.Management.DatabaseMaintenance.TaskUIUtils.RemoteLoggingConnectionName"></member>
    <member name="M:Microsoft.SqlServer.Management.DatabaseMaintenance.TaskUIUtils.ReplaceConnectionStringServerName(System.String,System.String)"></member>
    <member name="F:Microsoft.SqlServer.Management.DatabaseMaintenance.TaskUIUtils.ReportingVariableEmailReport"></member>
    <member name="F:Microsoft.SqlServer.Management.DatabaseMaintenance.TaskUIUtils.ReportingVariableLogRemote"></member>
    <member name="F:Microsoft.SqlServer.Management.DatabaseMaintenance.TaskUIUtils.ReportingVariableNewFile"></member>
    <member name="F:Microsoft.SqlServer.Management.DatabaseMaintenance.TaskUIUtils.ReportingVariableOperatorName"></member>
    <member name="F:Microsoft.SqlServer.Management.DatabaseMaintenance.TaskUIUtils.ReportingVariableRemoteConnectionName"></member>
    <member name="F:Microsoft.SqlServer.Management.DatabaseMaintenance.TaskUIUtils.ReportingVariableTextReport"></member>
    <member name="F:Microsoft.SqlServer.Management.DatabaseMaintenance.TaskUIUtils.ReportingVariableTextReportPath"></member>
    <member name="F:Microsoft.SqlServer.Management.DatabaseMaintenance.TaskUIUtils.RunIdVariableName"></member>
    <member name="M:Microsoft.SqlServer.Management.DatabaseMaintenance.TaskUIUtils.SanitizeName(System.String)"></member>
    <member name="F:Microsoft.SqlServer.Management.DatabaseMaintenance.TaskUIUtils.Sql2005Version"></member>
    <member name="F:Microsoft.SqlServer.Management.DatabaseMaintenance.TaskUIUtils.Sql2008Version"></member>
    <member name="P:Microsoft.SqlServer.Management.DatabaseMaintenance.TaskUIUtils.SQLAuth"></member>
    <member name="F:Microsoft.SqlServer.Management.DatabaseMaintenance.TaskUIUtils.SqlSP2Version"></member>
    <member name="M:Microsoft.SqlServer.Management.DatabaseMaintenance.TaskUIUtils.SubPlanNameFromNumber(System.Int32)"></member>
    <member name="F:Microsoft.SqlServer.Management.DatabaseMaintenance.TaskUIUtils.SubPlanPostExecuteTaskName"></member>
    <member name="F:Microsoft.SqlServer.Management.DatabaseMaintenance.TaskUIUtils.SucceededField"></member>
    <member name="F:Microsoft.SqlServer.Management.DatabaseMaintenance.TaskUIUtils.SysNameMaxLen"></member>
    <member name="F:Microsoft.SqlServer.Management.DatabaseMaintenance.TaskUIUtils.UpdateLogDetailFormat"></member>
    <member name="F:Microsoft.SqlServer.Management.DatabaseMaintenance.TaskUIUtils.VariableProxyAccount"></member>
    <member name="M:Microsoft.SqlServer.Management.DatabaseMaintenance.TaskUIUtils.VerifySelectedDatabasesList(System.Collections.ArrayList,System.IServiceProvider,System.String)"></member>
    <member name="M:Microsoft.SqlServer.Management.DatabaseMaintenance.TaskUIUtils.VerifySelectedTablesList(System.String,System.Int32,System.Collections.ArrayList,System.IServiceProvider,System.String)"></member>
    <member name="T:Microsoft.SqlServer.Management.DatabaseMaintenance.TimeUnitType"></member>
    <member name="F:Microsoft.SqlServer.Management.DatabaseMaintenance.TimeUnitType.Day">
      <summary />
    </member>
    <member name="F:Microsoft.SqlServer.Management.DatabaseMaintenance.TimeUnitType.Week">
      <summary />
    </member>
    <member name="F:Microsoft.SqlServer.Management.DatabaseMaintenance.TimeUnitType.Month">
      <summary />
    </member>
    <member name="F:Microsoft.SqlServer.Management.DatabaseMaintenance.TimeUnitType.Year">
      <summary />
    </member>
    <member name="F:Microsoft.SqlServer.Management.DatabaseMaintenance.TimeUnitType.Hour">
      <summary />
    </member>
  </members>
</doc>