﻿<?xml version="1.0" encoding="utf-8"?>
<doc>
  <assembly>
    <name>Microsoft.SqlServer.TransferSqlServerObjectsTask</name>
  </assembly>
  <members>
    <member name="M:Microsoft.SqlServer.Dts.Tasks.TransferSqlServerObjectsTask.TransferSqlServerObjectsTask.#ctor">
      <summary>Initializes a new instance of the <see cref="T:Microsoft.SqlServer.Dts.Tasks.TransferSqlServerObjectsTask.TransferSqlServerObjectsTask" /> class. </summary>
    </member>
    <member name="M:Microsoft.SqlServer.Dts.Tasks.TransferSqlServerObjectsTask.TransferSqlServerObjectsTask.AcceptBreakpointManager(Microsoft.SqlServer.Dts.Runtime.BreakpointManager)">
      <summary>Passes a <see cref="T:Microsoft.SqlServer.Dts.Runtime.BreakpointManager" /> to a task. This method is called by the runtime and is not used in code.</summary>
      <param name="manager">The breakpoint manager specific for this task.</param>
    </member>
    <member name="M:Microsoft.SqlServer.Dts.Tasks.TransferSqlServerObjectsTask.TransferSqlServerObjectsTask.Execute(Microsoft.SqlServer.Dts.Runtime.Connections,Microsoft.SqlServer.Dts.Runtime.VariableDispenser,Microsoft.SqlServer.Dts.Runtime.IDTSComponentEvents,Microsoft.SqlServer.Dts.Runtime.IDTSLogging,System.Object)">
      <summary>Runs the task.</summary>
      <param name="connections">A collection of connections used by the task.</param>
      <param name="variableDispenser">A <see cref="T:Microsoft.SqlServer.Dts.Runtime.VariableDispenser" /> object for locking variables.</param>
      <param name="events">An object that implements the <see cref="T:Microsoft.SqlServer.Dts.Runtime.IDTSComponentEvents" /> interface.</param>
      <param name="log">An object that implements the <see cref="T:Microsoft.SqlServer.Dts.Runtime.IDTSLogging" /> interface.</param>
      <param name="transaction">The transaction object that the container is a part of. This value can be null.</param>
      <returns>A value from the <see cref="T:Microsoft.SqlServer.Dts.Runtime.DTSExecResult" /> enumeration.</returns>
    </member>
    <member name="M:Microsoft.SqlServer.Dts.Tasks.TransferSqlServerObjectsTask.TransferSqlServerObjectsTask.InitializeTask(Microsoft.SqlServer.Dts.Runtime.Connections,Microsoft.SqlServer.Dts.Runtime.VariableDispenser,Microsoft.SqlServer.Dts.Runtime.IDTSInfoEvents,Microsoft.SqlServer.Dts.Runtime.IDTSLogging,Microsoft.SqlServer.Dts.Runtime.EventInfos,Microsoft.SqlServer.Dts.Runtime.LogEntryInfos,Microsoft.SqlServer.Dts.Runtime.ObjectReferenceTracker)">
      <summary>Initializes the properties associated with the task. This method is called by the runtime and is not used in code.</summary>
      <param name="connections">A collection of connections used by the task.</param>
      <param name="variableDispenser">A <see cref="T:Microsoft.SqlServer.Dts.Runtime.VariableDispenser" /> object for locking variables.</param>
      <param name="events">An object that implements the <see cref="T:Microsoft.SqlServer.Dts.Runtime.IDTSInfoEvents" /> interface.</param>
      <param name="log">An object that implements the <see cref="T:Microsoft.SqlServer.Dts.Runtime.IDTSLogging" /> interface.</param>
      <param name="eventInfos">A collection that contains events to be raised during execution of the task.</param>
      <param name="logEntryInfos">A collection of log entries.</param>
      <param name="refTracker">An object reference tracker.</param>
    </member>
    <member name="M:Microsoft.SqlServer.Dts.Tasks.TransferSqlServerObjectsTask.TransferSqlServerObjectsTask.LoadFromXML(System.Xml.XmlElement,Microsoft.SqlServer.Dts.Runtime.IDTSInfoEvents)">
      <summary>This method is not callable by your application code. To load a package saved as .xml, use the <see cref="M:Microsoft.SqlServer.Dts.Runtime.Application.LoadPackage(System.String,Microsoft.SqlServer.Dts.Runtime.IDTSEvents)" /> method.</summary>
      <param name="rootNode">The node that contains the information to be loaded.</param>
      <param name="events">An object that implements the <see cref="T:Microsoft.SqlServer.Dts.Runtime.IDTSInfoEvents" /> interface for raising events (errors, warnings, and so on) during persistence.</param>
    </member>
    <member name="M:Microsoft.SqlServer.Dts.Tasks.TransferSqlServerObjectsTask.TransferSqlServerObjectsTask.ResumeExecution">
      <summary>Resumes execution of the task after pausing. The task or container is resumed by the run-time engine. </summary>
    </member>
    <member name="M:Microsoft.SqlServer.Dts.Tasks.TransferSqlServerObjectsTask.TransferSqlServerObjectsTask.SaveToXML(System.Xml.XmlDocument,Microsoft.SqlServer.Dts.Runtime.IDTSInfoEvents)">
      <summary>This method is not callable by your application code. To save a package as .xml, use the <see cref="M:Microsoft.SqlServer.Dts.Runtime.Application.SaveToXml(System.String,Microsoft.SqlServer.Dts.Runtime.Package,Microsoft.SqlServer.Dts.Runtime.IDTSEvents)" /> method.</summary>
      <param name="doc">The XML document to which to save the information.</param>
      <param name="events">An object that implements the <see cref="T:Microsoft.SqlServer.Dts.Runtime.IDTSInfoEvents" /> interface for raising events (errors, warnings, and so on) during persistence.</param>
    </member>
    <member name="M:Microsoft.SqlServer.Dts.Tasks.TransferSqlServerObjectsTask.TransferSqlServerObjectsTask.SuspendExecution">
      <summary>Indicates that the executable needs to suspend. This method is called by the run-time engine. </summary>
    </member>
    <member name="M:Microsoft.SqlServer.Dts.Tasks.TransferSqlServerObjectsTask.TransferSqlServerObjectsTask.Validate(Microsoft.SqlServer.Dts.Runtime.Connections,Microsoft.SqlServer.Dts.Runtime.VariableDispenser,Microsoft.SqlServer.Dts.Runtime.IDTSComponentEvents,Microsoft.SqlServer.Dts.Runtime.IDTSLogging)">
      <summary>Verifies that the task is properly configured.</summary>
      <param name="connections">A collection of connections used by the task.</param>
      <param name="variableDispenser">A <see cref="T:Microsoft.SqlServer.Dts.Runtime.VariableDispenser" /> object for locking variables.</param>
      <param name="events">An object that implements the <see cref="T:Microsoft.SqlServer.Dts.Runtime.IDTSComponentEvents" /> interface.</param>
      <param name="log">An object that implements the <see cref="T:Microsoft.SqlServer.Dts.Runtime.IDTSLogging" /> interface.</param>
      <returns>A value from the <see cref="T:Microsoft.SqlServer.Dts.Runtime.DTSExecResult" /> enumeration.</returns>
    </member>
    <member name="P:Microsoft.SqlServer.Dts.Tasks.TransferSqlServerObjectsTask.ITransferSqlServerObjectsTask.CopyAllDefaults">
      <summary>Gets or sets a value that indicates whether the transfer includes the SQL Server defaults.</summary>
      <returns>true if the transfer includes the SQL Server defaults; otherwise, false.</returns>
    </member>
    <member name="P:Microsoft.SqlServer.Dts.Tasks.TransferSqlServerObjectsTask.ITransferSqlServerObjectsTask.CopyAllLogins">
      <summary>Gets or sets a value that indicates whether all the SQL Server logins are copied from the source database to the target database.</summary>
      <returns>true if all the SQL Server logins are copied from the source database to the target database; otherwise, false.</returns>
    </member>
    <member name="P:Microsoft.SqlServer.Dts.Tasks.TransferSqlServerObjectsTask.ITransferSqlServerObjectsTask.CopyAllObjects">
      <summary>Gets or sets a value that indicates whether all the SQL database objects of the specified type are transferred from the source to the target database.</summary>
      <returns>true if all SQL database objects of the specified type are transferred from the source to the target database; otherwise, false.</returns>
    </member>
    <member name="P:Microsoft.SqlServer.Dts.Tasks.TransferSqlServerObjectsTask.ITransferSqlServerObjectsTask.CopyAllPartitionFunctions">
      <summary>Gets or sets a value that indicates whether all SQL Server partitions are transferred from the source to the target database.</summary>
      <returns>true if all SQL Server partitions are transferred from the source to the target database; otherwise, false.</returns>
    </member>
    <member name="P:Microsoft.SqlServer.Dts.Tasks.TransferSqlServerObjectsTask.ITransferSqlServerObjectsTask.CopyAllPartitionSchemes">
      <summary>Gets or sets a value that indicates whether all SQL Server partition schemes are transferred from the source to the target database.</summary>
      <returns>true if all SQL Server partition schemes are transferred from the source to the target database; otherwise, false.</returns>
    </member>
    <member name="P:Microsoft.SqlServer.Dts.Tasks.TransferSqlServerObjectsTask.ITransferSqlServerObjectsTask.CopyAllRules">
      <summary>Gets or sets a value that indicates whether all SQL Server rules are transferred from the source to the target database.</summary>
      <returns>true if all SQL Server rules are transferred from the source to the target database; otherwise, false.</returns>
    </member>
    <member name="P:Microsoft.SqlServer.Dts.Tasks.TransferSqlServerObjectsTask.ITransferSqlServerObjectsTask.CopyAllSchemas">
      <summary>Gets or sets a value that indicates whether all SQL Server schemas are transferred from the source to the target database.</summary>
      <returns>true if all SQL Server schemas are transferred from the source to the target database; otherwise, false.</returns>
    </member>
    <member name="P:Microsoft.SqlServer.Dts.Tasks.TransferSqlServerObjectsTask.ITransferSqlServerObjectsTask.CopyAllSqlAssemblies">
      <summary>Gets or sets a value that indicates whether all SQL Server assemblies are transferred from the source to the target database.</summary>
      <returns>true if all SQL Server assemblies are transferred from the source to the target database; otherwise, false.</returns>
    </member>
    <member name="P:Microsoft.SqlServer.Dts.Tasks.TransferSqlServerObjectsTask.ITransferSqlServerObjectsTask.CopyAllStoredProcedures">
      <summary>Gets or sets a value that indicates whether all SQL Server stored procedures are transferred from the source to the target database.</summary>
      <returns>true if all SQL Server stored procedures are transferred from the source to the target database; otherwise, false.</returns>
    </member>
    <member name="P:Microsoft.SqlServer.Dts.Tasks.TransferSqlServerObjectsTask.ITransferSqlServerObjectsTask.CopyAllTables">
      <summary>Gets or sets a value that indicates whether all SQL Server tables are transferred from the source to the target database.</summary>
      <returns>true if all SQL Server tables are transferred from the source to the target database; otherwise, false.</returns>
    </member>
    <member name="P:Microsoft.SqlServer.Dts.Tasks.TransferSqlServerObjectsTask.ITransferSqlServerObjectsTask.CopyAllUserDefinedAggregates">
      <summary>Gets or sets a value that indicates whether all user-defined aggregates are transferred from the source to the target database.</summary>
      <returns>true if all user-defined aggregates are transferred from the source to the target database; otherwise, false.</returns>
    </member>
    <member name="P:Microsoft.SqlServer.Dts.Tasks.TransferSqlServerObjectsTask.ITransferSqlServerObjectsTask.CopyAllUserDefinedDataTypes">
      <summary>Gets or sets a value that indicates whether all user-defined data types are transferred from the source to the target database.</summary>
      <returns>true if all user-defined data types are transferred from the source to the target database; otherwise, false.</returns>
    </member>
    <member name="P:Microsoft.SqlServer.Dts.Tasks.TransferSqlServerObjectsTask.ITransferSqlServerObjectsTask.CopyAllUserDefinedFunctions">
      <summary>Gets or sets a value that indicates whether all user-defined functions are transferred from the source to the target database.</summary>
      <returns>true if all user-defined functions are transferred from the source to the target database; otherwise, false.</returns>
    </member>
    <member name="P:Microsoft.SqlServer.Dts.Tasks.TransferSqlServerObjectsTask.ITransferSqlServerObjectsTask.CopyAllUserDefinedTypes">
      <summary>Gets or sets a value that indicates whether all user-defined types are transferred from the source to the target database.</summary>
      <returns>true if all user-defined types are transferred from the source to the target database; otherwise, false.</returns>
    </member>
    <member name="P:Microsoft.SqlServer.Dts.Tasks.TransferSqlServerObjectsTask.ITransferSqlServerObjectsTask.CopyAllUsers">
      <summary>Gets or sets a value that indicates whether all the SQL Server database users are copied from the source database to the target database.</summary>
      <returns>true if all the SQL Server database users are copied from the source database to the target database; otherwise, false.</returns>
    </member>
    <member name="P:Microsoft.SqlServer.Dts.Tasks.TransferSqlServerObjectsTask.ITransferSqlServerObjectsTask.CopyAllViews">
      <summary>Gets or sets a value that indicates whether all SQL Server views are transferred from the source to the target database.</summary>
      <returns>True if all SQL Server views are transferred from the source to the target database; otherwise, false.</returns>
    </member>
    <member name="P:Microsoft.SqlServer.Dts.Tasks.TransferSqlServerObjectsTask.ITransferSqlServerObjectsTask.CopyAllXmlSchemaCollections">
      <summary>Gets or sets a value that indicates whether all XML schema collections are transferred from the source to the target database.</summary>
      <returns>true if all XML schema collections are transferred from the source to the target database; otherwise, false.</returns>
    </member>
    <member name="P:Microsoft.SqlServer.Dts.Tasks.TransferSqlServerObjectsTask.ITransferSqlServerObjectsTask.CopyData">
      <summary>Gets or sets a value that indicates whether the data is transferred from the SQL Server source to the target database.</summary>
      <returns>true if the data is transferred from the SQL Server source to the target database; otherwise, false.</returns>
    </member>
    <member name="P:Microsoft.SqlServer.Dts.Tasks.TransferSqlServerObjectsTask.ITransferSqlServerObjectsTask.CopyDatabaseRoles">
      <summary>Gets or sets a value that indicates whether database roles are transferred from the source to the target database.</summary>
      <returns>true if database roles are transferred from the source to the target database; otherwise, false.</returns>
    </member>
    <member name="P:Microsoft.SqlServer.Dts.Tasks.TransferSqlServerObjectsTask.ITransferSqlServerObjectsTask.CopyDatabaseUsers">
      <summary>Gets or sets a value that indicates whether database users are transferred from the source to the target database.</summary>
      <returns>true if database users are transferred from the source to the target database; otherwise, false.</returns>
    </member>
    <member name="P:Microsoft.SqlServer.Dts.Tasks.TransferSqlServerObjectsTask.ITransferSqlServerObjectsTask.CopyForeignKeys">
      <summary>Gets or sets a value that indicates whether foreign keys are transferred from the source to the target database.</summary>
      <returns>true if foreign keys are transferred from the source to the target database; otherwise, false.</returns>
    </member>
    <member name="P:Microsoft.SqlServer.Dts.Tasks.TransferSqlServerObjectsTask.ITransferSqlServerObjectsTask.CopyFullTextIndexes">
      <summary>Gets or sets a value that indicates whether full-text properties are transferred from the source to the target database.</summary>
      <returns>true if full-text properties are transferred from the source to the target database; otherwise, false.</returns>
    </member>
    <member name="P:Microsoft.SqlServer.Dts.Tasks.TransferSqlServerObjectsTask.ITransferSqlServerObjectsTask.CopyIndexes">
      <summary>Gets or sets a value that indicates whether indexes are transferred from the source to the target database.</summary>
      <returns>true if indexes are transferred from the source to the target database; otherwise, false.</returns>
    </member>
    <member name="P:Microsoft.SqlServer.Dts.Tasks.TransferSqlServerObjectsTask.ITransferSqlServerObjectsTask.CopyObjectLevelPermissions">
      <summary>Gets or sets a value that indicates whether securable objects are included in the transfer from the source to the target database.</summary>
      <returns>true if securable objects are included in the transfer from the source to the target database; otherwise, false.</returns>
    </member>
    <member name="P:Microsoft.SqlServer.Dts.Tasks.TransferSqlServerObjectsTask.ITransferSqlServerObjectsTask.CopyPrimaryKeys">
      <summary>Gets or sets a value that indicates whether primary keys are transferred from the source to the target database.</summary>
      <returns>true if primary keys are transferred from the source to the target database; otherwise, false.</returns>
    </member>
    <member name="P:Microsoft.SqlServer.Dts.Tasks.TransferSqlServerObjectsTask.ITransferSqlServerObjectsTask.CopySchema">
      <summary>Gets or sets a value that indicates whether the schema is copied from the source database to the target database.</summary>
      <returns>true if the schema is copied from the source database to the target database; otherwise, false.</returns>
    </member>
    <member name="P:Microsoft.SqlServer.Dts.Tasks.TransferSqlServerObjectsTask.ITransferSqlServerObjectsTask.CopySqlServerLogins">
      <summary>Gets or sets a value that indicates whether SQL Server logins are included in the transfer from the source to the target database.</summary>
      <returns>true if SQL Server logins are included in the transfer from the source to the target database; otherwise, false.</returns>
    </member>
    <member name="P:Microsoft.SqlServer.Dts.Tasks.TransferSqlServerObjectsTask.ITransferSqlServerObjectsTask.CopyTriggers">
      <summary>Gets or sets a value that indicates whether triggers are transferred from the source to the target database.</summary>
      <returns>true if triggers are transferred from the source to the target database; otherwise, false.</returns>
    </member>
    <member name="P:Microsoft.SqlServer.Dts.Tasks.TransferSqlServerObjectsTask.ITransferSqlServerObjectsTask.DefaultsList">
      <summary>Gets or sets the default objects to transfer.</summary>
      <returns>The default objects to transfer.</returns>
    </member>
    <member name="P:Microsoft.SqlServer.Dts.Tasks.TransferSqlServerObjectsTask.ITransferSqlServerObjectsTask.DestinationConnection">
      <summary>Gets or sets the name of the destination connection.</summary>
      <returns>The name of the destination connection.</returns>
    </member>
    <member name="P:Microsoft.SqlServer.Dts.Tasks.TransferSqlServerObjectsTask.ITransferSqlServerObjectsTask.DestinationDatabase">
      <summary>Gets or sets the name of the destination database.</summary>
      <returns>The name of the destination database.</returns>
    </member>
    <member name="P:Microsoft.SqlServer.Dts.Tasks.TransferSqlServerObjectsTask.ITransferSqlServerObjectsTask.DestinationTranslateChar">
      <summary>Gets or sets a value that indicates whether the character data is translated from the destination database.</summary>
      <returns>true if the character data is translated from the destination database; otherwise, false.</returns>
    </member>
    <member name="P:Microsoft.SqlServer.Dts.Tasks.TransferSqlServerObjectsTask.ITransferSqlServerObjectsTask.DropObjectsFirst">
      <summary>Gets or sets a value that indicates whether objects at the destination are dropped before copying is started.</summary>
      <returns>true if objects at the destination are dropped before copying is started; otherwise, false.</returns>
    </member>
    <member name="P:Microsoft.SqlServer.Dts.Tasks.TransferSqlServerObjectsTask.ITransferSqlServerObjectsTask.ExistingData">
      <summary>Gets or sets a value from the <see cref="T:Microsoft.SqlServer.Dts.Tasks.TransferSqlServerObjectsTask.ExistingData" /> enumeration to determine whether data should be appended to existing data.</summary>
      <returns>A value from the <see cref="T:Microsoft.SqlServer.Dts.Tasks.TransferSqlServerObjectsTask.ExistingData" /> enumeration.</returns>
    </member>
    <member name="P:Microsoft.SqlServer.Dts.Tasks.TransferSqlServerObjectsTask.ITransferSqlServerObjectsTask.GenerateScriptsInUnicode">
      <summary>Gets or sets a value that indicates whether the script generated is in Unicode format.</summary>
      <returns>true if the script is in Unicode format; otherwise, false.</returns>
    </member>
    <member name="P:Microsoft.SqlServer.Dts.Tasks.TransferSqlServerObjectsTask.ITransferSqlServerObjectsTask.IncludeDependentObjects">
      <summary>Gets or sets a value that indicates whether the dependent objects are included in the transfer.</summary>
      <returns>true if dependent objects are included in the transfer; otherwise, false.</returns>
    </member>
    <member name="P:Microsoft.SqlServer.Dts.Tasks.TransferSqlServerObjectsTask.ITransferSqlServerObjectsTask.IncludeExtendedProperties">
      <summary>Gets or sets a value that indicates whether extended properties are transferred from the source to the target database.</summary>
      <returns>true if extended properties are transferred from the source to the target database; otherwise, false.</returns>
    </member>
    <member name="P:Microsoft.SqlServer.Dts.Tasks.TransferSqlServerObjectsTask.ITransferSqlServerObjectsTask.LoginsList">
      <summary>Gets or sets the list of logins to transfer.</summary>
      <returns>The list of logins to transfer.</returns>
    </member>
    <member name="P:Microsoft.SqlServer.Dts.Tasks.TransferSqlServerObjectsTask.ITransferSqlServerObjectsTask.PartitionFunctionsList">
      <summary>Gets or sets the list of partition functions to transfer.</summary>
      <returns>The list of partition functions to transfer.</returns>
    </member>
    <member name="P:Microsoft.SqlServer.Dts.Tasks.TransferSqlServerObjectsTask.ITransferSqlServerObjectsTask.PartitionSchemesList">
      <summary>Gets or sets the list of partition schemes to transfer.</summary>
      <returns>The list of partition schemes to transfer.</returns>
    </member>
    <member name="P:Microsoft.SqlServer.Dts.Tasks.TransferSqlServerObjectsTask.ITransferSqlServerObjectsTask.RulesList">
      <summary>Gets or sets the list of rules to transfer.</summary>
      <returns>The list of rules to transfer.</returns>
    </member>
    <member name="P:Microsoft.SqlServer.Dts.Tasks.TransferSqlServerObjectsTask.ITransferSqlServerObjectsTask.SchemasList">
      <summary>Gets or sets the list of schemas to transfer.</summary>
      <returns>The list of schemas to transfer.</returns>
    </member>
    <member name="P:Microsoft.SqlServer.Dts.Tasks.TransferSqlServerObjectsTask.ITransferSqlServerObjectsTask.SourceConnection">
      <summary>Gets or sets the name of the connection manager for the source database.</summary>
      <returns>The name of the connection manager for the source database.</returns>
    </member>
    <member name="P:Microsoft.SqlServer.Dts.Tasks.TransferSqlServerObjectsTask.ITransferSqlServerObjectsTask.SourceDatabase">
      <summary>Gets or sets the name of the database from which objects will be transferred.</summary>
      <returns>The name of the source database.</returns>
    </member>
    <member name="P:Microsoft.SqlServer.Dts.Tasks.TransferSqlServerObjectsTask.ITransferSqlServerObjectsTask.SourceTranslateChar">
      <summary>Gets or sets a value that indicates whether the character data is translated from the source database.</summary>
      <returns>true if the character data is translated from the source database; otherwise, false.</returns>
    </member>
    <member name="P:Microsoft.SqlServer.Dts.Tasks.TransferSqlServerObjectsTask.ITransferSqlServerObjectsTask.SqlAssembliesList">
      <summary>Gets or sets the list of SQL Server assemblies to transfer.</summary>
      <returns>The list of SQL Server assemblies to transfer.</returns>
    </member>
    <member name="P:Microsoft.SqlServer.Dts.Tasks.TransferSqlServerObjectsTask.ITransferSqlServerObjectsTask.StoredProceduresList">
      <summary>Gets or sets the list of stored procedures to transfer.</summary>
      <returns>The list of stored procedures to transfer.</returns>
    </member>
    <member name="P:Microsoft.SqlServer.Dts.Tasks.TransferSqlServerObjectsTask.ITransferSqlServerObjectsTask.TablesList">
      <summary>Gets or sets the list of tables to transfer.</summary>
      <returns>The list of tables to transfer.</returns>
    </member>
    <member name="P:Microsoft.SqlServer.Dts.Tasks.TransferSqlServerObjectsTask.ITransferSqlServerObjectsTask.UseCollation">
      <summary>Gets or sets a value that indicates whether the transfer should use collations.</summary>
      <returns>true if the transfer includes the collation; otherwise, false.</returns>
    </member>
    <member name="P:Microsoft.SqlServer.Dts.Tasks.TransferSqlServerObjectsTask.ITransferSqlServerObjectsTask.UserDefinedAggregatesList">
      <summary>Gets or sets a list of user-defined aggregates to transfer.</summary>
      <returns>A list of user-defined aggregates to transfer.</returns>
    </member>
    <member name="P:Microsoft.SqlServer.Dts.Tasks.TransferSqlServerObjectsTask.ITransferSqlServerObjectsTask.UserDefinedDataTypesList">
      <summary>Gets or sets the list of user-defined data types to transfer.</summary>
      <returns>The list of user-defined data types to transfer.</returns>
    </member>
    <member name="P:Microsoft.SqlServer.Dts.Tasks.TransferSqlServerObjectsTask.ITransferSqlServerObjectsTask.UserDefinedFunctionsList">
      <summary>Gets or sets a list of user-defined functions to transfer.</summary>
      <returns>A list of user-defined functions to transfer.</returns>
    </member>
    <member name="P:Microsoft.SqlServer.Dts.Tasks.TransferSqlServerObjectsTask.ITransferSqlServerObjectsTask.UserDefinedTypesList">
      <summary>Gets or sets a list of user-defined types to transfer.</summary>
      <returns>A list or user-defined types to transfer.</returns>
    </member>
    <member name="P:Microsoft.SqlServer.Dts.Tasks.TransferSqlServerObjectsTask.ITransferSqlServerObjectsTask.UsersList">
      <summary>Gets or sets a list of users to transfer.</summary>
      <returns>A list of users to transfer.</returns>
    </member>
    <member name="P:Microsoft.SqlServer.Dts.Tasks.TransferSqlServerObjectsTask.ITransferSqlServerObjectsTask.ViewsList">
      <summary>Gets or sets a list of views to transfer.</summary>
      <returns>A list of views to transfer.</returns>
    </member>
    <member name="P:Microsoft.SqlServer.Dts.Tasks.TransferSqlServerObjectsTask.ITransferSqlServerObjectsTask.XmlSchemaCollectionsList">
      <summary>Gets or sets a list of XML schema collections to transfer.</summary>
      <returns>A list of XML schema collections to transfer.</returns>
    </member>
    <member name="P:Microsoft.SqlServer.Dts.Tasks.TransferSqlServerObjectsTask.TransferSqlServerObjectsTask.CopyAllDefaults">
      <summary>Gets or sets a Boolean indicating that the transfer includes the SQL Server defaults.</summary>
      <returns>true indicates that SQL Server defaults are transferred from the source to the target database. false indicates that only objects found in the <see cref="P:Microsoft.SqlServer.Dts.Tasks.TransferSqlServerObjectsTask.TransferSqlServerObjectsTask.DefaultsList" /> are transferred. </returns>
    </member>
    <member name="P:Microsoft.SqlServer.Dts.Tasks.TransferSqlServerObjectsTask.TransferSqlServerObjectsTask.CopyAllDRIObjects">
      <summary>Gets or sets a value that indicates whether the task copies all objects that are related to declarative referential integrity (DRI).</summary>
      <returns>true if the task copies all objects related to declarative referential integrity; otherwise, false.</returns>
    </member>
    <member name="P:Microsoft.SqlServer.Dts.Tasks.TransferSqlServerObjectsTask.TransferSqlServerObjectsTask.CopyAllLogins">
      <summary>Gets or sets a Boolean indicating whether all the SQL Server logins are copied from the source database to the target database in the transfer operation, or only the specified logins.</summary>
      <returns>true indicates that all SQL Server logins are copied from the source database to the target database.</returns>
    </member>
    <member name="P:Microsoft.SqlServer.Dts.Tasks.TransferSqlServerObjectsTask.TransferSqlServerObjectsTask.CopyAllObjects">
      <summary>Gets or sets a Boolean indicating whether all SQL Server database objects are transferred from the source to the target database, or only the specified objects. The following SQL Server database objects can be transferred: defaults, rules, stored procedures, tables, triggers, user-defined data types, and views. </summary>
      <returns>true indicates that all the SQL Server database objects of the specified type are transferred from the source to the target database.</returns>
    </member>
    <member name="P:Microsoft.SqlServer.Dts.Tasks.TransferSqlServerObjectsTask.TransferSqlServerObjectsTask.CopyAllPartitionFunctions">
      <summary>Gets or sets a Boolean indicating whether all SQL Server partitions are transferred from the source to the target database, or only the specified partitions.</summary>
      <returns>true indicates that all SQL Server partitions are transferred from the source to the target database. false indicates that only the objects found in the <see cref="P:Microsoft.SqlServer.Dts.Tasks.TransferSqlServerObjectsTask.TransferSqlServerObjectsTask.PartitionFunctionsList" /> are transferred.</returns>
    </member>
    <member name="P:Microsoft.SqlServer.Dts.Tasks.TransferSqlServerObjectsTask.TransferSqlServerObjectsTask.CopyAllPartitionSchemes">
      <summary>Gets or sets a Boolean indicating whether all SQL Server partition schemes are transferred from the source to the target database, or only the specified partition schemes.</summary>
      <returns>true indicates that all SQL Server partition schemes are transferred from the source to the target database. false indicates that only the objects found in the <see cref="P:Microsoft.SqlServer.Dts.Tasks.TransferSqlServerObjectsTask.TransferSqlServerObjectsTask.PartitionSchemesList" /> are transferred. </returns>
    </member>
    <member name="P:Microsoft.SqlServer.Dts.Tasks.TransferSqlServerObjectsTask.TransferSqlServerObjectsTask.CopyAllRules">
      <summary>Gets or sets a Boolean indicating whether all SQL Server rules are transferred from the source to the target database, or only the specified rules.</summary>
      <returns>true indicates that all SQL Server rules are transferred from the source to the target database. false indicates that only the objects found in the <see cref="P:Microsoft.SqlServer.Dts.Tasks.TransferSqlServerObjectsTask.TransferSqlServerObjectsTask.RulesList" /> are transferred.</returns>
    </member>
    <member name="P:Microsoft.SqlServer.Dts.Tasks.TransferSqlServerObjectsTask.TransferSqlServerObjectsTask.CopyAllSchemas">
      <summary>Gets or sets a Boolean indicating whether all SQL Server schemas are transferred from the source to the target database, or only the specified schemas.</summary>
      <returns>true indicates that all SQL Server schemas are transferred from the source to the target database. false indicates that only the objects found in the <see cref="P:Microsoft.SqlServer.Dts.Tasks.TransferSqlServerObjectsTask.TransferSqlServerObjectsTask.SchemasList" /> are transferred.</returns>
    </member>
    <member name="P:Microsoft.SqlServer.Dts.Tasks.TransferSqlServerObjectsTask.TransferSqlServerObjectsTask.CopyAllSqlAssemblies">
      <summary>Gets or sets a Boolean indicating whether all SQL Server assemblies are transferred from the source to the target database, or only the specified assemblies.</summary>
      <returns>true indicates that all SQL Server assemblies are transferred from the source to the target database. false indicates that only the objects found in the <see cref="P:Microsoft.SqlServer.Dts.Tasks.TransferSqlServerObjectsTask.TransferSqlServerObjectsTask.SqlAssembliesList" /> are transferred.</returns>
    </member>
    <member name="P:Microsoft.SqlServer.Dts.Tasks.TransferSqlServerObjectsTask.TransferSqlServerObjectsTask.CopyAllStoredProcedures">
      <summary>Gets or sets a Boolean indicating whether all SQL Server stored procedures are transferred from the source to the target database, or only the specified stored procedures.</summary>
      <returns>true indicates that all stored procedures are transferred the source to the target database. false indicates that only the objects found in the <see cref="P:Microsoft.SqlServer.Dts.Tasks.TransferSqlServerObjectsTask.TransferSqlServerObjectsTask.StoredProceduresList" /> are transferred.</returns>
    </member>
    <member name="P:Microsoft.SqlServer.Dts.Tasks.TransferSqlServerObjectsTask.TransferSqlServerObjectsTask.CopyAllTables">
      <summary>Gets or sets a Boolean indicating whether all SQL Server tables are transferred from the source to the target database, or only the specified tables.</summary>
      <returns>true indicates that all SQL Server tables are transferred from the source to the target database. false indicates that only the objects found in the <see cref="P:Microsoft.SqlServer.Dts.Tasks.TransferSqlServerObjectsTask.TransferSqlServerObjectsTask.TablesList" /> are transferred.</returns>
    </member>
    <member name="P:Microsoft.SqlServer.Dts.Tasks.TransferSqlServerObjectsTask.TransferSqlServerObjectsTask.CopyAllUserDefinedAggregates">
      <summary>Gets or sets a Boolean indicating whether all user-defined aggregates are transferred from the source to the target database, or only the specified user-defined aggregates.</summary>
      <returns>true indicates that all user-defined aggregates are transferred from the source to the target database. false indicates that only the objects found in the <see cref="P:Microsoft.SqlServer.Dts.Tasks.TransferSqlServerObjectsTask.TransferSqlServerObjectsTask.UserDefinedAggregatesList" /> are transferred.</returns>
    </member>
    <member name="P:Microsoft.SqlServer.Dts.Tasks.TransferSqlServerObjectsTask.TransferSqlServerObjectsTask.CopyAllUserDefinedDataTypes">
      <summary>Gets or sets a Boolean indicating whether all user-defined data types are transferred from the source to the target database, or only the specified user-defined data types.</summary>
      <returns>true indicates that all user-defined data types are transferred from the source to the target database. false indicates that only the objects found in the <see cref="P:Microsoft.SqlServer.Dts.Tasks.TransferSqlServerObjectsTask.TransferSqlServerObjectsTask.UserDefinedDataTypesList" /> are transferred.</returns>
    </member>
    <member name="P:Microsoft.SqlServer.Dts.Tasks.TransferSqlServerObjectsTask.TransferSqlServerObjectsTask.CopyAllUserDefinedFunctions">
      <summary>Gets or sets a Boolean indicating whether all user-defined functions are transferred from the source to the target database, or only the specified user-defined functions.</summary>
      <returns>true indicates that all user-defined functions are transferred from the source to the target database. false indicates that only the objects found in the <see cref="P:Microsoft.SqlServer.Dts.Tasks.TransferSqlServerObjectsTask.TransferSqlServerObjectsTask.UserDefinedFunctionsList" /> are transferred.</returns>
    </member>
    <member name="P:Microsoft.SqlServer.Dts.Tasks.TransferSqlServerObjectsTask.TransferSqlServerObjectsTask.CopyAllUserDefinedTypes">
      <summary>Gets or sets a Boolean indicating whether all user-defined types are transferred from the source to the target database, or only the specified user-defined types.</summary>
      <returns>true indicates that all user-defined types are transferred from the source to the target database. false indicates that only the objects found in the <see cref="P:Microsoft.SqlServer.Dts.Tasks.TransferSqlServerObjectsTask.TransferSqlServerObjectsTask.UserDefinedTypesList" /> are transferred.</returns>
    </member>
    <member name="P:Microsoft.SqlServer.Dts.Tasks.TransferSqlServerObjectsTask.TransferSqlServerObjectsTask.CopyAllUsers">
      <summary>Gets or sets a Boolean indicating whether all the SQL Server database users are copied from the source database to the target database, or only the specified users.</summary>
      <returns>true indicates that all SQL Server database users are copied from the source database to the target database.</returns>
    </member>
    <member name="P:Microsoft.SqlServer.Dts.Tasks.TransferSqlServerObjectsTask.TransferSqlServerObjectsTask.CopyAllViews">
      <summary>Gets or sets a Boolean indicating whether all SQL Server views are transferred from the source to the target database, or only the specified views.</summary>
      <returns>true indicates that all SQL Server views are transferred from the source to the target database. false indicates that only the objects found in the <see cref="P:Microsoft.SqlServer.Dts.Tasks.TransferSqlServerObjectsTask.TransferSqlServerObjectsTask.ViewsList" /> are transferred.</returns>
    </member>
    <member name="P:Microsoft.SqlServer.Dts.Tasks.TransferSqlServerObjectsTask.TransferSqlServerObjectsTask.CopyAllXmlSchemaCollections">
      <summary>Gets or sets a Boolean indicating whether all XML schema collections are transferred from the source to the target database, or only the specified XML schema collections.</summary>
      <returns>true indicates that all XML schema collections are transferred from the source to the target database. false indicates that only the objects found in the <see cref="P:Microsoft.SqlServer.Dts.Tasks.TransferSqlServerObjectsTask.TransferSqlServerObjectsTask.XmlSchemaCollectionsList" /> are transferred.</returns>
    </member>
    <member name="P:Microsoft.SqlServer.Dts.Tasks.TransferSqlServerObjectsTask.TransferSqlServerObjectsTask.CopyData">
      <summary>Gets or sets a Boolean indicating whether data is included as part of the transfer of tables and views from the SQL Server source to the target database.</summary>
      <returns>true indicates that data is transferred from the SQL Server source to the target database; false indicates that only object metadata is transferred.</returns>
    </member>
    <member name="P:Microsoft.SqlServer.Dts.Tasks.TransferSqlServerObjectsTask.TransferSqlServerObjectsTask.CopyDatabaseRoles">
      <summary>Gets or sets a Boolean indicating whether database roles are transferred from the source to the target database.</summary>
      <returns>true indicates that database roles are transferred from the source to the target database.</returns>
    </member>
    <member name="P:Microsoft.SqlServer.Dts.Tasks.TransferSqlServerObjectsTask.TransferSqlServerObjectsTask.CopyDatabaseUsers">
      <summary>Gets or sets a Boolean indicating whether database users are transferred from the source to the target database.</summary>
      <returns>true indicates that database users are transferred from the source to the target database.</returns>
    </member>
    <member name="P:Microsoft.SqlServer.Dts.Tasks.TransferSqlServerObjectsTask.TransferSqlServerObjectsTask.CopyForeignKeys">
      <summary>Gets or sets a Boolean indicating whether foreign keys are transferred from the source to the target database.</summary>
      <returns>true indicates that foreign keys are transferred from the source to the target database.</returns>
    </member>
    <member name="P:Microsoft.SqlServer.Dts.Tasks.TransferSqlServerObjectsTask.TransferSqlServerObjectsTask.CopyFullTextIndexes">
      <summary>Gets or sets a Boolean indicating whether full-text properties are transferred from the source to the target database.</summary>
      <returns>true indicates that full-text properties are transferred from the source to the target database; false indicates that only the database objects are transferred.</returns>
    </member>
    <member name="P:Microsoft.SqlServer.Dts.Tasks.TransferSqlServerObjectsTask.TransferSqlServerObjectsTask.CopyIndexes">
      <summary>Gets or sets a Boolean indicating whether indexes are transferred from the source to the target database.</summary>
      <returns>true indicates that indexes are transferred from the source to the target database.</returns>
    </member>
    <member name="P:Microsoft.SqlServer.Dts.Tasks.TransferSqlServerObjectsTask.TransferSqlServerObjectsTask.CopyObjectLevelPermissions">
      <summary>Gets or sets a Boolean indicating whether securable objects are included in the transfer from the source to the target database.</summary>
      <returns>true indicates that securable objects are transferred from the source to the target database.</returns>
    </member>
    <member name="P:Microsoft.SqlServer.Dts.Tasks.TransferSqlServerObjectsTask.TransferSqlServerObjectsTask.CopyPrimaryKeys">
      <summary>Gets or sets a Boolean indicating whether primary keys are transferred from the source to the target database.</summary>
      <returns>true indicates that primary keys are transferred from the source to the target database.</returns>
    </member>
    <member name="P:Microsoft.SqlServer.Dts.Tasks.TransferSqlServerObjectsTask.TransferSqlServerObjectsTask.CopySchema">
      <summary>Gets or sets a Boolean that specifies whether the schema is copied in the transfer operation. This property is only available for SQL Server 2005 or later versions.</summary>
      <returns>true indicates that the schema is copied from the source database to the target database.</returns>
    </member>
    <member name="P:Microsoft.SqlServer.Dts.Tasks.TransferSqlServerObjectsTask.TransferSqlServerObjectsTask.CopySqlServerLogins">
      <summary>Gets or sets a Boolean indicating whether SQL Server logins are included in the transfer from the source to the target database.</summary>
      <returns>true indicates that SQL Server logins are transferred from the source to the target database.</returns>
    </member>
    <member name="P:Microsoft.SqlServer.Dts.Tasks.TransferSqlServerObjectsTask.TransferSqlServerObjectsTask.CopyTriggers">
      <summary>Gets or sets a Boolean indicating whether triggers are included in the transfer from the source to the target database.</summary>
      <returns>true indicates that triggers are transferred from the source to the target database.</returns>
    </member>
    <member name="P:Microsoft.SqlServer.Dts.Tasks.TransferSqlServerObjectsTask.TransferSqlServerObjectsTask.DebugMode">
      <summary>Gets or sets a Boolean that indicates whether a task should determine whether breakpoints are enabled.</summary>
      <returns>true if the task should determine whether breakpoints are enabled; false if the task can ignore all breakpoints.</returns>
    </member>
    <member name="P:Microsoft.SqlServer.Dts.Tasks.TransferSqlServerObjectsTask.TransferSqlServerObjectsTask.DefaultsList">
      <summary>Gets or sets a StringCollection containing the default objects to transfer when the <see cref="P:Microsoft.SqlServer.Dts.Tasks.TransferSqlServerObjectsTask.TransferSqlServerObjectsTask.CopyAllDefaults" /> is set to false.</summary>
      <returns>A StringCollection that contains the default objects to transfer.</returns>
    </member>
    <member name="P:Microsoft.SqlServer.Dts.Tasks.TransferSqlServerObjectsTask.TransferSqlServerObjectsTask.DestinationConnection">
      <summary>Gets or sets a String containing the name of the SMO connection manager for the destination database.</summary>
      <returns>A String that contains the SMO connection manager.</returns>
    </member>
    <member name="P:Microsoft.SqlServer.Dts.Tasks.TransferSqlServerObjectsTask.TransferSqlServerObjectsTask.DestinationDatabase">
      <summary>Gets or sets a String containing the name of the destination database.</summary>
      <returns>A String that contains the name of the database at the destination.</returns>
    </member>
    <member name="P:Microsoft.SqlServer.Dts.Tasks.TransferSqlServerObjectsTask.TransferSqlServerObjectsTask.DestinationTranslateChar">
      <summary>Gets or sets a Boolean indicating the value of AutoTranslate in the OLE DB destination connection string.</summary>
      <returns>A Boolean indicating the value of AutoTranslate.</returns>
    </member>
    <member name="P:Microsoft.SqlServer.Dts.Tasks.TransferSqlServerObjectsTask.TransferSqlServerObjectsTask.DropObjectsFirst">
      <summary>Gets or sets a Boolean that indicates whether the objects that have been selected for transfer from the source are dropped first on the destination server before the transfer begins.</summary>
      <returns>true if objects at the destination are dropped before copying is started.</returns>
    </member>
    <member name="P:Microsoft.SqlServer.Dts.Tasks.TransferSqlServerObjectsTask.TransferSqlServerObjectsTask.ExecutionValue">
      <summary>Returns an object containing the count of the number of objects transferred.</summary>
      <returns>An object that contains the number of objects transferred.</returns>
    </member>
    <member name="P:Microsoft.SqlServer.Dts.Tasks.TransferSqlServerObjectsTask.TransferSqlServerObjectsTask.ExistingData">
      <summary>Gets or sets a value from the <see cref="T:Microsoft.SqlServer.Dts.Tasks.TransferSqlServerObjectsTask.ExistingData" /> enumeration to determine whether data should be appended to existing data, or have the existing data replaced by being overwritten.</summary>
      <returns>A value from the <see cref="T:Microsoft.SqlServer.Dts.Tasks.TransferSqlServerObjectsTask.ExistingData" /> enumeration.</returns>
    </member>
    <member name="P:Microsoft.SqlServer.Dts.Tasks.TransferSqlServerObjectsTask.TransferSqlServerObjectsTask.GenerateScriptsInUnicode">
      <summary>Gets or sets a Boolean that indicates whether the script generated is in Unicode format.</summary>
      <returns>true if the script is in Unicode format; false otherwise.</returns>
    </member>
    <member name="P:Microsoft.SqlServer.Dts.Tasks.TransferSqlServerObjectsTask.TransferSqlServerObjectsTask.IncludeDependentObjects">
      <summary>Gets or sets a Boolean that indicates whether the dependent objects are included in the transfer.</summary>
      <returns>true if dependent objects are also transferred; false if only the selected object is transferred.</returns>
    </member>
    <member name="P:Microsoft.SqlServer.Dts.Tasks.TransferSqlServerObjectsTask.TransferSqlServerObjectsTask.IncludeExtendedProperties">
      <summary>Gets or sets a Boolean indicating whether extended properties are transferred from the source to the target database.</summary>
      <returns>true if extended properties are transferred from the source database to the target database.</returns>
    </member>
    <member name="P:Microsoft.SqlServer.Dts.Tasks.TransferSqlServerObjectsTask.TransferSqlServerObjectsTask.LoginsList">
      <summary>Gets or sets a StringCollection containing the SQL Server logins to transfer from the source database to the destination database when <see cref="P:Microsoft.SqlServer.Dts.Tasks.TransferSqlServerObjectsTask.TransferSqlServerObjectsTask.CopyAllLogins" /> is false.</summary>
      <returns>A StringCollection that lists the logins to transfer.</returns>
    </member>
    <member name="P:Microsoft.SqlServer.Dts.Tasks.TransferSqlServerObjectsTask.TransferSqlServerObjectsTask.PartitionFunctionsList">
      <summary>Gets or sets a StringCollection containing the partition functions to transfer from the source database to the destination database when the <see cref="P:Microsoft.SqlServer.Dts.Tasks.TransferSqlServerObjectsTask.TransferSqlServerObjectsTask.CopyAllPartitionFunctions" /> is false.</summary>
      <returns>A StringCollection that lists the partition functions to transfer.</returns>
    </member>
    <member name="P:Microsoft.SqlServer.Dts.Tasks.TransferSqlServerObjectsTask.TransferSqlServerObjectsTask.PartitionSchemesList">
      <summary>Gets or sets a StringCollection containing the partition schemes to transfer from the source database to the destination database when <see cref="P:Microsoft.SqlServer.Dts.Tasks.TransferSqlServerObjectsTask.TransferSqlServerObjectsTask.CopyAllPartitionSchemes" /> is false.</summary>
      <returns>A StringCollection that lists the partition schemes to transfer.</returns>
    </member>
    <member name="P:Microsoft.SqlServer.Dts.Tasks.TransferSqlServerObjectsTask.TransferSqlServerObjectsTask.RulesList">
      <summary>Gets or sets a StringCollection containing the rules to transfer from the source database to the destination database when <see cref="P:Microsoft.SqlServer.Dts.Tasks.TransferSqlServerObjectsTask.TransferSqlServerObjectsTask.CopyAllRules" /> is false.</summary>
      <returns>A StringCollection that lists the rules to transfer.</returns>
    </member>
    <member name="P:Microsoft.SqlServer.Dts.Tasks.TransferSqlServerObjectsTask.TransferSqlServerObjectsTask.SchemasList">
      <summary>Gets or sets a StringCollection containing the list of schemas to transfer from the source database to the destination database when <see cref="P:Microsoft.SqlServer.Dts.Tasks.TransferSqlServerObjectsTask.TransferSqlServerObjectsTask.CopyAllSchemas" /> is false.</summary>
      <returns>A StringCollection that lists the schemas to transfer.</returns>
    </member>
    <member name="P:Microsoft.SqlServer.Dts.Tasks.TransferSqlServerObjectsTask.TransferSqlServerObjectsTask.SourceConnection">
      <summary>Gets or sets a String containing the name of the SMO connection manager for the source database.</summary>
      <returns>A String that contains the connection string of the SMO connection manager.</returns>
    </member>
    <member name="P:Microsoft.SqlServer.Dts.Tasks.TransferSqlServerObjectsTask.TransferSqlServerObjectsTask.SourceDatabase">
      <summary>Gets or sets a String containing the name of the database from which objects will be transferred. </summary>
      <returns>A String that contains the name of the source database.</returns>
    </member>
    <member name="P:Microsoft.SqlServer.Dts.Tasks.TransferSqlServerObjectsTask.TransferSqlServerObjectsTask.SourceTranslateChar">
      <summary>Gets or sets a Boolean indicating the value of AutoTranslate in the OLE DB source connection string.</summary>
      <returns>A Boolean indicating the value of AutoTranslate. </returns>
    </member>
    <member name="P:Microsoft.SqlServer.Dts.Tasks.TransferSqlServerObjectsTask.TransferSqlServerObjectsTask.SqlAssembliesList">
      <summary>Gets or sets a StringCollection listing the SQL Server assemblies to transfer when <see cref="P:Microsoft.SqlServer.Dts.Tasks.TransferSqlServerObjectsTask.TransferSqlServerObjectsTask.CopyAllSqlAssemblies" /> is false.</summary>
      <returns>A StringCollection that lists the SQL Server assemblies to transfer.</returns>
    </member>
    <member name="P:Microsoft.SqlServer.Dts.Tasks.TransferSqlServerObjectsTask.TransferSqlServerObjectsTask.StoredProceduresList">
      <summary>Gets or sets a StringCollection listing the stored procedures to transfer when <see cref="P:Microsoft.SqlServer.Dts.Tasks.TransferSqlServerObjectsTask.TransferSqlServerObjectsTask.CopyAllStoredProcedures" /> is false.</summary>
      <returns>A StringCollection that lists the stored procedures to transfer.</returns>
    </member>
    <member name="P:Microsoft.SqlServer.Dts.Tasks.TransferSqlServerObjectsTask.TransferSqlServerObjectsTask.SuspendRequired">
      <summary>Gets or sets a Boolean that indicates whether tasks should suspend when they encounter a breakpoint. This value is set by the run-time engine for tasks and containers when a breakpoint is encountered.</summary>
      <returns>true if the task suspends; false if the task can ignore the breakpoint.</returns>
    </member>
    <member name="P:Microsoft.SqlServer.Dts.Tasks.TransferSqlServerObjectsTask.TransferSqlServerObjectsTask.TablesList">
      <summary>Gets or sets a StringCollection listing the tables to transfer when <see cref="P:Microsoft.SqlServer.Dts.Tasks.TransferSqlServerObjectsTask.TransferSqlServerObjectsTask.CopyAllTables" /> is false.</summary>
      <returns>A StringCollection that lists the tables to transfer.</returns>
    </member>
    <member name="P:Microsoft.SqlServer.Dts.Tasks.TransferSqlServerObjectsTask.TransferSqlServerObjectsTask.UseCollation">
      <summary>Gets or sets a Boolean indicating whether the transfer should use collations.</summary>
      <returns>true if the transfer includes the collation; false if the collation at the destination is used.</returns>
    </member>
    <member name="P:Microsoft.SqlServer.Dts.Tasks.TransferSqlServerObjectsTask.TransferSqlServerObjectsTask.UserDefinedAggregatesList">
      <summary>Gets or sets a StringCollection listing the user-defined aggregates to transfer when <see cref="P:Microsoft.SqlServer.Dts.Tasks.TransferSqlServerObjectsTask.TransferSqlServerObjectsTask.CopyAllUserDefinedAggregates" /> is false.</summary>
      <returns>A StringCollection that lists the user-defined aggregates to transfer.</returns>
    </member>
    <member name="P:Microsoft.SqlServer.Dts.Tasks.TransferSqlServerObjectsTask.TransferSqlServerObjectsTask.UserDefinedDataTypesList">
      <summary>Gets or sets a StringCollection listing the user-defined data types to transfer when <see cref="P:Microsoft.SqlServer.Dts.Tasks.TransferSqlServerObjectsTask.TransferSqlServerObjectsTask.CopyAllUserDefinedDataTypes" /> is false.</summary>
      <returns>A StringCollection that lists the user-defined data types to transfer.</returns>
    </member>
    <member name="P:Microsoft.SqlServer.Dts.Tasks.TransferSqlServerObjectsTask.TransferSqlServerObjectsTask.UserDefinedFunctionsList">
      <summary>Gets or sets a StringCollection listing the user-defined functions to transfer when <see cref="P:Microsoft.SqlServer.Dts.Tasks.TransferSqlServerObjectsTask.TransferSqlServerObjectsTask.CopyAllUserDefinedFunctions" /> is false.</summary>
      <returns>A StringCollection that lists the user-defined functions to transfer.</returns>
    </member>
    <member name="P:Microsoft.SqlServer.Dts.Tasks.TransferSqlServerObjectsTask.TransferSqlServerObjectsTask.UserDefinedTypesList">
      <summary>Gets or sets a StringCollection listing the user-defined types to transfer when <see cref="P:Microsoft.SqlServer.Dts.Tasks.TransferSqlServerObjectsTask.TransferSqlServerObjectsTask.CopyAllUserDefinedTypes" /> is false.</summary>
      <returns>A StringCollection that lists the user-defined types to transfer.</returns>
    </member>
    <member name="P:Microsoft.SqlServer.Dts.Tasks.TransferSqlServerObjectsTask.TransferSqlServerObjectsTask.UsersList">
      <summary>Gets or sets a StringCollection containing the SQL Server database users to transfer from the source database to the destination database when <see cref="P:Microsoft.SqlServer.Dts.Tasks.TransferSqlServerObjectsTask.TransferSqlServerObjectsTask.CopyAllUsers" /> is false.</summary>
      <returns>A StringCollection that lists the users to transfer.</returns>
    </member>
    <member name="P:Microsoft.SqlServer.Dts.Tasks.TransferSqlServerObjectsTask.TransferSqlServerObjectsTask.ViewsList">
      <summary>Gets or sets a StringCollection listing the views to transfer when <see cref="P:Microsoft.SqlServer.Dts.Tasks.TransferSqlServerObjectsTask.TransferSqlServerObjectsTask.CopyAllViews" /> is false.</summary>
      <returns>A StringCollection that lists the views to transfer.</returns>
    </member>
    <member name="P:Microsoft.SqlServer.Dts.Tasks.TransferSqlServerObjectsTask.TransferSqlServerObjectsTask.XmlSchemaCollectionsList">
      <summary>Gets or sets a StringCollection listing the XML schema collections to transfer when <see cref="P:Microsoft.SqlServer.Dts.Tasks.TransferSqlServerObjectsTask.TransferSqlServerObjectsTask.CopyAllXmlSchemaCollections" /> is false.</summary>
      <returns>A StringCollection that lists the XML schema collections to transfer.</returns>
    </member>
    <member name="T:Microsoft.SqlServer.Dts.Tasks.TransferSqlServerObjectsTask.ExistingData">
      <summary>Used by the <see cref="P:Microsoft.SqlServer.Dts.Tasks.TransferSqlServerObjectsTask.TransferSqlServerObjectsTask.ExistingData" /> property to determine whether data should be appended to existing data, or have the existing data replaced.</summary>
    </member>
    <member name="F:Microsoft.SqlServer.Dts.Tasks.TransferSqlServerObjectsTask.ExistingData.Replace">
      <summary>Replaces the existing data with the new data.</summary>
    </member>
    <member name="F:Microsoft.SqlServer.Dts.Tasks.TransferSqlServerObjectsTask.ExistingData.Append">
      <summary>Appends the new data to the existing data.</summary>
    </member>
    <member name="T:Microsoft.SqlServer.Dts.Tasks.TransferSqlServerObjectsTask.ITransferSqlServerObjectsTask">
      <summary>Represents a Transfer SQL Server Objects task.</summary>
    </member>
    <member name="T:Microsoft.SqlServer.Dts.Tasks.TransferSqlServerObjectsTask.TransferSqlServerObjectsTask">
      <summary>Contains the methods and properties that allow you to copy various SQL Server objects from one server to another. This class cannot be inherited. </summary>
    </member>
    <member name="T:Microsoft.SqlServer.Dts.Tasks.TransferSqlServerObjectsTask.TransferSqlServerObjectsTask.DtsTransferObjectException">
      <summary>The exception that is thrown at load time if the persisted name of the XML root node of the task is corrupt.</summary>
    </member>
  </members>
</doc>