<?xml version="1.0" encoding="utf-8" ?>
<dtm:DataTypeMappings
	xmlns:dtm="http://www.microsoft.com/SqlServer/Dts/DataTypeMapping.xsd" 
	xmlns:xsi="http://www.w3.org/2001/XMLSchema-instance"
	SourceType="IBMDADB2*" 
	MinSourceVersion="*" 
	MaxSourceVersion="*" 
	DestinationType="SSIS Data Flow" 
	MinDestinationVersion="10.*" 
	MaxDestinationVersion="*">

	<!-- TIME 10.* -->
	<dtm:DataTypeMapping >
		<dtm:SourceDataType>
			<dtm:DataTypeName>TIME</dtm:DataTypeName>
		</dtm:SourceDataType>
		<dtm:DestinationDataType>
			<dtm:NumericType>
				<dtm:DataTypeName>DT_DBTIME2</dtm:DataTypeName>
				<dtm:SkipPrecision/>
				<dtm:UseSourceScale/>
			</dtm:NumericType>
		</dtm:DestinationDataType>
	</dtm:DataTypeMapping>

	<!-- TIMESTAMP -->
	<dtm:DataTypeMapping >
		<dtm:SourceDataType>
			<dtm:DataTypeName>TIMESTAMP</dtm:DataTypeName>
		</dtm:SourceDataType>
		<dtm:DestinationDataType>
			<dtm:NumericType>
				<dtm:DataTypeName>DT_DBTIMESTAMP2</dtm:DataTypeName>
				<dtm:SkipPrecision/>
				<dtm:UseSourceScale/>
			</dtm:NumericType>
		</dtm:DestinationDataType>
	</dtm:DataTypeMapping>

	<!-- DATE 10.* -->
	<dtm:DataTypeMapping >
		<dtm:SourceDataType>
			<dtm:DataTypeName>DATE</dtm:DataTypeName>
		</dtm:SourceDataType>
		<dtm:DestinationDataType>
			<dtm:CharacterStringType>
				<dtm:DataTypeName>DT_DBDATE</dtm:DataTypeName>
				<dtm:Length>30</dtm:Length>
			</dtm:CharacterStringType>
		</dtm:DestinationDataType>
	</dtm:DataTypeMapping>

	<!-- CHAR -->
	<dtm:DataTypeMapping >
		<dtm:SourceDataType>
			<dtm:DataTypeName>CHAR</dtm:DataTypeName>
		</dtm:SourceDataType>
		<dtm:DestinationDataType>
			<dtm:CharacterStringType>
				<dtm:DataTypeName>DT_STR</dtm:DataTypeName>
				<dtm:UseSourceLength/>
			</dtm:CharacterStringType>
		</dtm:DestinationDataType>
	</dtm:DataTypeMapping>

	<!-- "CHAR () FOR BIT DATA" -->
	<dtm:DataTypeMapping >
		<dtm:SourceDataType>
			<dtm:DataTypeName>CHAR () FOR BIT DATA</dtm:DataTypeName>
		</dtm:SourceDataType>
		<dtm:DestinationDataType>
			<dtm:CharacterStringType>
				<dtm:DataTypeName>DT_BYTES</dtm:DataTypeName>
				<dtm:UseSourceLength/>
			</dtm:CharacterStringType>
		</dtm:DestinationDataType>
	</dtm:DataTypeMapping>


	<!-- VARCHAR -->
	<dtm:DataTypeMapping >
		<dtm:SourceDataType>
			<dtm:DataTypeName>VARCHAR</dtm:DataTypeName>
		</dtm:SourceDataType>
		<dtm:DestinationDataType>
			<dtm:CharacterStringType>
				<dtm:DataTypeName>DT_STR</dtm:DataTypeName>
				<dtm:UseSourceLength/>
			</dtm:CharacterStringType>
		</dtm:DestinationDataType>
	</dtm:DataTypeMapping>


	<!-- "VARCHAR () FOR BIT DATA" -->
	<dtm:DataTypeMapping >
		<dtm:SourceDataType>
			<dtm:DataTypeName>VARCHAR () FOR BIT DATA</dtm:DataTypeName>
		</dtm:SourceDataType>
		<dtm:DestinationDataType>
			<dtm:CharacterStringType>
				<dtm:DataTypeName>DT_BYTES</dtm:DataTypeName>
				<dtm:UseSourceLength/>
			</dtm:CharacterStringType>
		</dtm:DestinationDataType>
	</dtm:DataTypeMapping>


	<!-- "LONG VARCHAR FOR BIT DATA" -->
	<dtm:DataTypeMapping >
		<dtm:SourceDataType>
			<dtm:DataTypeName>LONG VARCHAR FOR BIT DATA</dtm:DataTypeName>
		</dtm:SourceDataType>
		<dtm:DestinationDataType>
			<dtm:CharacterStringType>
				<dtm:DataTypeName>DT_IMAGE</dtm:DataTypeName>
				<dtm:Length>255</dtm:Length>
			</dtm:CharacterStringType>
		</dtm:DestinationDataType>
	</dtm:DataTypeMapping>


	<!-- "LONG VARCHAR" -->
	<dtm:DataTypeMapping >
		<dtm:SourceDataType>
			<dtm:DataTypeName>LONG VARCHAR</dtm:DataTypeName>
		</dtm:SourceDataType>
		<dtm:DestinationDataType>
			<dtm:CharacterStringType>
				<dtm:DataTypeName>DT_TEXT</dtm:DataTypeName>
				<dtm:Length>255</dtm:Length>
			</dtm:CharacterStringType>
		</dtm:DestinationDataType>
	</dtm:DataTypeMapping>


	<!-- GRAPHIC -->
	<dtm:DataTypeMapping >
		<dtm:SourceDataType>
			<dtm:DataTypeName>GRAPHIC</dtm:DataTypeName>
		</dtm:SourceDataType>
		<dtm:DestinationDataType>
			<dtm:CharacterStringType>
				<dtm:DataTypeName>DT_WSTR</dtm:DataTypeName>
				<dtm:UseSourceLength/>
			</dtm:CharacterStringType>
		</dtm:DestinationDataType>
	</dtm:DataTypeMapping>

	<!-- VARGRAPHIC -->
	<dtm:DataTypeMapping>
		<dtm:SourceDataType>
			<dtm:DataTypeName>VARGRAPHIC</dtm:DataTypeName>
		</dtm:SourceDataType>
		<dtm:DestinationDataType>
			<dtm:CharacterStringType>
				<dtm:DataTypeName>DT_WSTR</dtm:DataTypeName>
				<dtm:UseSourceLength/>
			</dtm:CharacterStringType>
		</dtm:DestinationDataType>
	</dtm:DataTypeMapping>

	<!-- SMALLINT -->
	<dtm:DataTypeMapping>
		<dtm:SourceDataType>
			<dtm:DataTypeName>SMALLINT</dtm:DataTypeName>
		</dtm:SourceDataType>
		<dtm:DestinationDataType>
			<dtm:CharacterStringType>
				<dtm:DataTypeName>DT_I2</dtm:DataTypeName>
				<dtm:Length>6</dtm:Length>
			</dtm:CharacterStringType>
		</dtm:DestinationDataType>
	</dtm:DataTypeMapping>

	<!-- INTEGER -->
	<dtm:DataTypeMapping>
		<dtm:SourceDataType>
			<dtm:DataTypeName>INTEGER</dtm:DataTypeName>
		</dtm:SourceDataType>
		<dtm:DestinationDataType>
			<dtm:CharacterStringType>
				<dtm:DataTypeName>DT_I4</dtm:DataTypeName>
				<dtm:Length>11</dtm:Length>
			</dtm:CharacterStringType>
		</dtm:DestinationDataType>
	</dtm:DataTypeMapping>

	<!-- BIGINT -->
	<dtm:DataTypeMapping >
		<dtm:SourceDataType>
			<dtm:DataTypeName>BIGINT</dtm:DataTypeName>
		</dtm:SourceDataType>
		<dtm:DestinationDataType>
			<dtm:CharacterStringType>
				<dtm:DataTypeName>DT_I8</dtm:DataTypeName>
				<dtm:Length>20</dtm:Length>
			</dtm:CharacterStringType>
		</dtm:DestinationDataType>
	</dtm:DataTypeMapping>

	<!-- DECIMAL -->
	<dtm:DataTypeMapping >
		<dtm:SourceDataType>
			<dtm:DataTypeName>DECIMAL</dtm:DataTypeName>
		</dtm:SourceDataType>
		<dtm:DestinationDataType>
			<dtm:CharacterStringType>
				<dtm:DataTypeName>DT_NUMERIC</dtm:DataTypeName>
				<dtm:Length>31</dtm:Length>
			</dtm:CharacterStringType>
		</dtm:DestinationDataType>
	</dtm:DataTypeMapping>

	<!-- NUMERIC -->
	<dtm:DataTypeMapping >
		<dtm:SourceDataType>
			<dtm:DataTypeName>NUMERIC</dtm:DataTypeName>
		</dtm:SourceDataType>
		<dtm:DestinationDataType>
			<dtm:CharacterStringType>
				<dtm:DataTypeName>DT_NUMERIC</dtm:DataTypeName>
				<dtm:Length>31</dtm:Length>
			</dtm:CharacterStringType>
		</dtm:DestinationDataType>
	</dtm:DataTypeMapping>

	<!-- REAL -->
	<dtm:DataTypeMapping >
		<dtm:SourceDataType>
			<dtm:DataTypeName>REAL</dtm:DataTypeName>
		</dtm:SourceDataType>
		<dtm:DestinationDataType>
			<dtm:CharacterStringType>
				<dtm:DataTypeName>DT_R4</dtm:DataTypeName>
				<dtm:Length>24</dtm:Length>
			</dtm:CharacterStringType>
		</dtm:DestinationDataType>
	</dtm:DataTypeMapping>

	<!-- FLOAT -->
	<dtm:DataTypeMapping >
		<dtm:SourceDataType>
			<dtm:DataTypeName>FLOAT</dtm:DataTypeName>
		</dtm:SourceDataType>
		<dtm:DestinationDataType>
			<dtm:CharacterStringType>
				<dtm:DataTypeName>DT_R8</dtm:DataTypeName>
				<dtm:Length>24</dtm:Length>
			</dtm:CharacterStringType>
		</dtm:DestinationDataType>
	</dtm:DataTypeMapping>

	<!-- DOUBLE -->
	<dtm:DataTypeMapping >
		<dtm:SourceDataType>
			<dtm:DataTypeName>DOUBLE</dtm:DataTypeName>
		</dtm:SourceDataType>
		<dtm:DestinationDataType>
			<dtm:CharacterStringType>
				<dtm:DataTypeName>DT_R8</dtm:DataTypeName>
				<dtm:Length>24</dtm:Length>
			</dtm:CharacterStringType>
		</dtm:DestinationDataType>
	</dtm:DataTypeMapping>


	<!-- BLOB -->
	<dtm:DataTypeMapping >
		<dtm:SourceDataType>
			<dtm:DataTypeName>BLOB</dtm:DataTypeName>
		</dtm:SourceDataType>
		<dtm:DestinationDataType>
			<dtm:CharacterStringType>
				<dtm:DataTypeName>DT_IMAGE</dtm:DataTypeName>
				<dtm:Length>255</dtm:Length>
			</dtm:CharacterStringType>
		</dtm:DestinationDataType>
	</dtm:DataTypeMapping>


	<!-- CLOB -->
	<dtm:DataTypeMapping >
		<dtm:SourceDataType>
			<dtm:DataTypeName>CLOB</dtm:DataTypeName>
		</dtm:SourceDataType>
		<dtm:DestinationDataType>
			<dtm:CharacterStringType>
				<dtm:DataTypeName>DT_TEXT</dtm:DataTypeName>
				<dtm:Length>255</dtm:Length>
			</dtm:CharacterStringType>
		</dtm:DestinationDataType>
	</dtm:DataTypeMapping>


	<!-- DBCLOB -->
	<dtm:DataTypeMapping >
		<dtm:SourceDataType>
			<dtm:DataTypeName>DBCLOB</dtm:DataTypeName>
		</dtm:SourceDataType>
		<dtm:DestinationDataType>
			<dtm:CharacterStringType>
				<dtm:DataTypeName>DT_NTEXT</dtm:DataTypeName>
				<dtm:Length>255</dtm:Length>
			</dtm:CharacterStringType>
		</dtm:DestinationDataType>
	</dtm:DataTypeMapping>

	
	<!-- DBTypes for NChar, NVarChar, Text -->
	<dtm:DataTypeMapping >
		<dtm:SourceDataType>
			<dtm:DataTypeName>130</dtm:DataTypeName>
		</dtm:SourceDataType>
		<dtm:DestinationDataType>
			<dtm:CharacterStringType>
				<dtm:DataTypeName>DT_NTEXT</dtm:DataTypeName>
				<dtm:Length>255</dtm:Length>
			</dtm:CharacterStringType>
		</dtm:DestinationDataType>
	</dtm:DataTypeMapping>	

</dtm:DataTypeMappings>
