﻿<?xml version="1.0" encoding="utf-8" ?> 
<dtm:DataTypeMappings
	xmlns:dtm="http://www.microsoft.com/SqlServer/Dts/DataTypeMapping.xsd" 
	xmlns:xsi="http://www.w3.org/2001/XMLSchema-instance"
	SourceType="System.Data.SqlClient.SqlConnection" 
	MinSourceVersion="*" 
	MaxSourceVersion="*" 
	DestinationType="SSIS Data Flow" 
	MinDestinationVersion="*" 
	MaxDestinationVersion="*">
	
	<!-- smallint -->
	<dtm:DataTypeMapping >
		<dtm:SourceDataType>
			<dtm:DataTypeName>smallint</dtm:DataTypeName>
		</dtm:SourceDataType>
		<dtm:DestinationDataType>
			<dtm:CharacterStringType>
				<dtm:DataTypeName>DT_I2</dtm:DataTypeName>
				<dtm:Length>6</dtm:Length>
			</dtm:CharacterStringType>
		</dtm:DestinationDataType>
	</dtm:DataTypeMapping>	

	<!-- int -->
	<dtm:DataTypeMapping >
		<dtm:SourceDataType>
			<dtm:DataTypeName>int</dtm:DataTypeName>
		</dtm:SourceDataType>
		<dtm:DestinationDataType>
			<dtm:CharacterStringType>
				<dtm:DataTypeName>DT_I4</dtm:DataTypeName>
				<dtm:Length>11</dtm:Length>
			</dtm:CharacterStringType>
		</dtm:DestinationDataType>
	</dtm:DataTypeMapping>	
	
	<!-- real -->
	<dtm:DataTypeMapping >
		<dtm:SourceDataType>
			<dtm:DataTypeName>real</dtm:DataTypeName>
		</dtm:SourceDataType>
		<dtm:DestinationDataType>
			<dtm:CharacterStringType>
				<dtm:DataTypeName>DT_R4</dtm:DataTypeName>
				<dtm:Length>24</dtm:Length>
			</dtm:CharacterStringType>
		</dtm:DestinationDataType>
	</dtm:DataTypeMapping>	

	<!-- float -->
	<dtm:DataTypeMapping >
		<dtm:SourceDataType>
			<dtm:DataTypeName>float</dtm:DataTypeName>
		</dtm:SourceDataType>
		<dtm:DestinationDataType>
			<dtm:CharacterStringType>
				<dtm:DataTypeName>DT_R8</dtm:DataTypeName>
				<dtm:Length>24</dtm:Length>
			</dtm:CharacterStringType>
		</dtm:DestinationDataType>
	</dtm:DataTypeMapping>	
	
	<!-- smallmoney -->
	<dtm:DataTypeMapping >
		<dtm:SourceDataType>
			<dtm:DataTypeName>smallmoney</dtm:DataTypeName>
		</dtm:SourceDataType>
		<dtm:DestinationDataType>
			<dtm:CharacterStringType>
				<dtm:DataTypeName>DT_CY</dtm:DataTypeName>
				<dtm:Length>22</dtm:Length>
			</dtm:CharacterStringType>
		</dtm:DestinationDataType>
	</dtm:DataTypeMapping>	
	
	<!-- money -->
	<dtm:DataTypeMapping >
		<dtm:SourceDataType>
			<dtm:DataTypeName>money</dtm:DataTypeName>
		</dtm:SourceDataType>
		<dtm:DestinationDataType>
			<dtm:CharacterStringType>
				<dtm:DataTypeName>DT_CY</dtm:DataTypeName>
				<dtm:Length>22</dtm:Length>
			</dtm:CharacterStringType>
		</dtm:DestinationDataType>
	</dtm:DataTypeMapping>	
	
	<!-- bit -->
	<dtm:DataTypeMapping>
		<dtm:SourceDataType>
			<dtm:DataTypeName>bit</dtm:DataTypeName>
		</dtm:SourceDataType>
		<dtm:DestinationDataType>
			<dtm:CharacterStringType>
				<dtm:DataTypeName>DT_BOOL</dtm:DataTypeName>
				<dtm:Length>10</dtm:Length>
			</dtm:CharacterStringType>
		</dtm:DestinationDataType>
	</dtm:DataTypeMapping>

	<!-- tinyint -->
	<dtm:DataTypeMapping>
		<dtm:SourceDataType>
			<dtm:DataTypeName>tinyint</dtm:DataTypeName>
		</dtm:SourceDataType>
		<dtm:DestinationDataType>
			<dtm:CharacterStringType>
				<dtm:DataTypeName>DT_UI1</dtm:DataTypeName>
				<dtm:Length>3</dtm:Length>
			</dtm:CharacterStringType>
		</dtm:DestinationDataType>
	</dtm:DataTypeMapping>	
	
	<!-- bigint -->
	<dtm:DataTypeMapping>
		<dtm:SourceDataType>
			<dtm:DataTypeName>bigint</dtm:DataTypeName>
		</dtm:SourceDataType>
		<dtm:DestinationDataType>
			<dtm:CharacterStringType>
				<dtm:DataTypeName>DT_I8</dtm:DataTypeName>
				<dtm:Length>20</dtm:Length>
			</dtm:CharacterStringType>
		</dtm:DestinationDataType>
	</dtm:DataTypeMapping>

	<!-- uniqueidentifier -->
	<dtm:DataTypeMapping >
		<dtm:SourceDataType>
			<dtm:DataTypeName>uniqueidentifier</dtm:DataTypeName>
		</dtm:SourceDataType>
		<dtm:DestinationDataType>
			<dtm:CharacterStringType>
				<dtm:DataTypeName>DT_GUID</dtm:DataTypeName>
				<dtm:Length>39</dtm:Length>
			</dtm:CharacterStringType>
		</dtm:DestinationDataType>
	</dtm:DataTypeMapping>	

	<!-- varbinary -->
	<dtm:DataTypeMapping >
		<dtm:SourceDataType>
			<dtm:DataTypeName>varbinary</dtm:DataTypeName>
		</dtm:SourceDataType>
		<dtm:DestinationDataType>
			<dtm:CharacterStringType>
				<dtm:DataTypeName>DT_BYTES</dtm:DataTypeName>
				<dtm:UseSourceLength/>
			</dtm:CharacterStringType>
		</dtm:DestinationDataType>
	</dtm:DataTypeMapping>
	
    <!-- varbinary (max) -->
	<dtm:DataTypeMapping >
		<dtm:SourceDataType>
			<dtm:DataTypeName>varbinarymax</dtm:DataTypeName>
		</dtm:SourceDataType>
		<dtm:DestinationDataType>
			<dtm:SimpleType>
				<dtm:DataTypeName>DT_IMAGE</dtm:DataTypeName>
			</dtm:SimpleType>
		</dtm:DestinationDataType>
	</dtm:DataTypeMapping>	
	
	<!-- timestamp -->
	<dtm:DataTypeMapping >
		<dtm:SourceDataType>
			<dtm:DataTypeName>timestamp</dtm:DataTypeName>
		</dtm:SourceDataType>
		<dtm:DestinationDataType>
			<dtm:CharacterStringType>
				<dtm:DataTypeName>DT_BYTES</dtm:DataTypeName>
				<dtm:Length>8</dtm:Length>
			</dtm:CharacterStringType>
		</dtm:DestinationDataType>
	</dtm:DataTypeMapping>	

	<!-- binary -->
	<dtm:DataTypeMapping >
		<dtm:SourceDataType>
			<dtm:DataTypeName>binary</dtm:DataTypeName>
		</dtm:SourceDataType>
		<dtm:DestinationDataType>
			<dtm:CharacterStringType>
				<dtm:DataTypeName>DT_BYTES</dtm:DataTypeName>
				<dtm:UseSourceLength/>
			</dtm:CharacterStringType>
		</dtm:DestinationDataType>
	</dtm:DataTypeMapping>	

	<!-- xml -->
	<dtm:DataTypeMapping >
		<dtm:SourceDataType>
			<dtm:DataTypeName>xml</dtm:DataTypeName>
		</dtm:SourceDataType>
		<dtm:DestinationDataType>
			<dtm:CharacterStringType>
				<dtm:DataTypeName>DT_WSTR</dtm:DataTypeName>
				<dtm:UseSourceLength/>
			</dtm:CharacterStringType>
		</dtm:DestinationDataType>
	</dtm:DataTypeMapping>	

	<!-- image -->
	<dtm:DataTypeMapping >
		<dtm:SourceDataType>
			<dtm:DataTypeName>image</dtm:DataTypeName>
		</dtm:SourceDataType>
		<dtm:DestinationDataType>
			<dtm:CharacterStringType>
				<dtm:DataTypeName>DT_IMAGE</dtm:DataTypeName>
				<dtm:Length>255</dtm:Length>
			</dtm:CharacterStringType>
		</dtm:DestinationDataType>
	</dtm:DataTypeMapping>	

	<!-- hierarchyid -->
	<dtm:DataTypeMapping >
		<dtm:SourceDataType>
			<dtm:DataTypeName>hierarchyid</dtm:DataTypeName>
		</dtm:SourceDataType>
		<dtm:DestinationDataType>
			<dtm:SimpleType>
				<dtm:DataTypeName>DT_IMAGE</dtm:DataTypeName>
			</dtm:SimpleType>
		</dtm:DestinationDataType>
	</dtm:DataTypeMapping>	

	<!-- geometry -->
	<dtm:DataTypeMapping >
		<dtm:SourceDataType>
			<dtm:DataTypeName>geometry</dtm:DataTypeName>
		</dtm:SourceDataType>
		<dtm:DestinationDataType>
			<dtm:SimpleType>
				<dtm:DataTypeName>DT_IMAGE</dtm:DataTypeName>
			</dtm:SimpleType>
		</dtm:DestinationDataType>
	</dtm:DataTypeMapping>	

	<!-- geography -->
	<dtm:DataTypeMapping >
		<dtm:SourceDataType>
			<dtm:DataTypeName>geography</dtm:DataTypeName>
		</dtm:SourceDataType>
		<dtm:DestinationDataType>
			<dtm:SimpleType>
				<dtm:DataTypeName>DT_IMAGE</dtm:DataTypeName>
			</dtm:SimpleType>
		</dtm:DestinationDataType>
	</dtm:DataTypeMapping>	

	<!-- sql_variant -->
	<dtm:DataTypeMapping >
		<dtm:SourceDataType>
			<dtm:DataTypeName>sql_Variant</dtm:DataTypeName>
		</dtm:SourceDataType>
		<dtm:DestinationDataType>
			<dtm:CharacterStringType>
				<dtm:DataTypeName>DT_WSTR</dtm:DataTypeName>
				<dtm:Length>255</dtm:Length>
			</dtm:CharacterStringType>
		</dtm:DestinationDataType>
	</dtm:DataTypeMapping>	

	<!-- text -->
	<dtm:DataTypeMapping >
		<dtm:SourceDataType>
			<dtm:DataTypeName>text</dtm:DataTypeName>
		</dtm:SourceDataType>
		<dtm:DestinationDataType>
			<dtm:CharacterStringType>
				<dtm:DataTypeName>DT_NTEXT</dtm:DataTypeName>
				<dtm:Length>255</dtm:Length>
			</dtm:CharacterStringType>
		</dtm:DestinationDataType>
	</dtm:DataTypeMapping>	

	<!-- char -->
	<dtm:DataTypeMapping >
		<dtm:SourceDataType>
			<dtm:DataTypeName>char</dtm:DataTypeName>
		</dtm:SourceDataType>
		<dtm:DestinationDataType>
			<dtm:CharacterStringType>
				<dtm:DataTypeName>DT_WSTR</dtm:DataTypeName>
				<dtm:UseSourceLength/>
			</dtm:CharacterStringType>
		</dtm:DestinationDataType>
	</dtm:DataTypeMapping>	

	<!-- varchar -->
	<dtm:DataTypeMapping >
		<dtm:SourceDataType>
			<dtm:DataTypeName>varchar</dtm:DataTypeName>
		</dtm:SourceDataType>
		<dtm:DestinationDataType>
			<dtm:CharacterStringType>
				<dtm:DataTypeName>DT_WSTR</dtm:DataTypeName>
				<dtm:UseSourceLength/>
			</dtm:CharacterStringType>
		</dtm:DestinationDataType>
	</dtm:DataTypeMapping>	

	<!-- nchar -->
	<dtm:DataTypeMapping >
		<dtm:SourceDataType>
			<dtm:DataTypeName>nchar</dtm:DataTypeName>
		</dtm:SourceDataType>
		<dtm:DestinationDataType>
			<dtm:CharacterStringType>
				<dtm:DataTypeName>DT_WSTR</dtm:DataTypeName>
				<dtm:UseSourceLength/>
			</dtm:CharacterStringType>
		</dtm:DestinationDataType>
	</dtm:DataTypeMapping>	

	<!-- nvarchar -->
	<dtm:DataTypeMapping >
		<dtm:SourceDataType>
			<dtm:DataTypeName>nvarchar</dtm:DataTypeName>
		</dtm:SourceDataType>
		<dtm:DestinationDataType>
			<dtm:CharacterStringType>
				<dtm:DataTypeName>DT_WSTR</dtm:DataTypeName>
				<dtm:UseSourceLength/>
			</dtm:CharacterStringType>
		</dtm:DestinationDataType>
	</dtm:DataTypeMapping>

	<!-- nvarchar (max) -->
	<dtm:DataTypeMapping >
		<dtm:SourceDataType>
			<dtm:DataTypeName>nvarcharmax</dtm:DataTypeName>
		</dtm:SourceDataType>
		<dtm:DestinationDataType>
			<dtm:SimpleType>
				<dtm:DataTypeName>DT_NTEXT</dtm:DataTypeName>
			</dtm:SimpleType>
		</dtm:DestinationDataType>
	</dtm:DataTypeMapping>

	<!-- varchar (max) -->
	<dtm:DataTypeMapping >
		<dtm:SourceDataType>
			<dtm:DataTypeName>varcharmax</dtm:DataTypeName>
		</dtm:SourceDataType>
		<dtm:DestinationDataType>
			<dtm:SimpleType>
				<dtm:DataTypeName>DT_NTEXT</dtm:DataTypeName>
			</dtm:SimpleType>
		</dtm:DestinationDataType>
	</dtm:DataTypeMapping>

	<!-- ntext -->
	<dtm:DataTypeMapping >
		<dtm:SourceDataType>
			<dtm:DataTypeName>ntext</dtm:DataTypeName>
		</dtm:SourceDataType>
		<dtm:DestinationDataType>
			<dtm:CharacterStringType>
				<dtm:DataTypeName>DT_NTEXT</dtm:DataTypeName>
				<dtm:Length>255</dtm:Length>
			</dtm:CharacterStringType>
		</dtm:DestinationDataType>
	</dtm:DataTypeMapping>	

	<!-- decimal -->
	<dtm:DataTypeMapping >
		<dtm:SourceDataType>
			<dtm:DataTypeName>decimal</dtm:DataTypeName>
		</dtm:SourceDataType>
		<dtm:DestinationDataType>
			<dtm:CharacterStringType>
				<dtm:DataTypeName>DT_NUMERIC</dtm:DataTypeName>
				<dtm:Length>31</dtm:Length>
			</dtm:CharacterStringType>
		</dtm:DestinationDataType>
	</dtm:DataTypeMapping>	

	<!-- numeric -->
	<dtm:DataTypeMapping >
		<dtm:SourceDataType>
			<dtm:DataTypeName>numeric</dtm:DataTypeName>
		</dtm:SourceDataType>
		<dtm:DestinationDataType>
			<dtm:CharacterStringType>
				<dtm:DataTypeName>DT_NUMERIC</dtm:DataTypeName>
				<dtm:Length>31</dtm:Length>
			</dtm:CharacterStringType>
		</dtm:DestinationDataType>
	</dtm:DataTypeMapping>	

	<!-- datetime -->
	<dtm:DataTypeMapping >
		<dtm:SourceDataType>
			<dtm:DataTypeName>datetime</dtm:DataTypeName>
		</dtm:SourceDataType>
		<dtm:DestinationDataType>
			<dtm:CharacterStringType>
				<dtm:DataTypeName>DT_DBTIMESTAMP</dtm:DataTypeName>
				<dtm:Length>30</dtm:Length>
			</dtm:CharacterStringType>
		</dtm:DestinationDataType>
	</dtm:DataTypeMapping>

	<!-- datetime2 10.* -->
	<dtm:DataTypeMapping >
		<dtm:SourceDataType>
			<dtm:DataTypeName>datetime2</dtm:DataTypeName>
		</dtm:SourceDataType>
		<dtm:DestinationDataType>
			<dtm:NumericType>
				<dtm:DataTypeName>DT_DBTIMESTAMP2</dtm:DataTypeName>
				<dtm:SkipPrecision/>
				<dtm:UseSourceScale/>
			</dtm:NumericType>
		</dtm:DestinationDataType>
	</dtm:DataTypeMapping>	

	<!-- date 10.* -->
	<dtm:DataTypeMapping >
		<dtm:SourceDataType>
			<dtm:DataTypeName>date</dtm:DataTypeName>
		</dtm:SourceDataType>
		<dtm:DestinationDataType>
			<dtm:CharacterStringType>
				<dtm:DataTypeName>DT_DBDATE</dtm:DataTypeName>
				<dtm:Length>30</dtm:Length>
			</dtm:CharacterStringType>
		</dtm:DestinationDataType>
	</dtm:DataTypeMapping>	

	<!-- time 10.* -->
	<dtm:DataTypeMapping >
		<dtm:SourceDataType>
			<dtm:DataTypeName>time</dtm:DataTypeName>
		</dtm:SourceDataType>
		<dtm:DestinationDataType>
			<dtm:NumericType>
				<dtm:DataTypeName>DT_DBTIME2</dtm:DataTypeName>
				<dtm:SkipPrecision/>
				<dtm:UseSourceScale/>
			</dtm:NumericType>
		</dtm:DestinationDataType>
	</dtm:DataTypeMapping>	

	<!-- datetimeoffset 10.* -->
	<dtm:DataTypeMapping >
		<dtm:SourceDataType>
			<dtm:DataTypeName>datetimeoffset</dtm:DataTypeName>
		</dtm:SourceDataType>
		<dtm:DestinationDataType>
			<dtm:NumericType>
				<dtm:DataTypeName>DT_DBTIMESTAMPOFFSET</dtm:DataTypeName>
				<dtm:SkipPrecision/>
				<dtm:UseSourceScale/>
			</dtm:NumericType>
		</dtm:DestinationDataType>
	</dtm:DataTypeMapping>	

	<!-- smalldatetime -->
	<dtm:DataTypeMapping >
		<dtm:SourceDataType>
			<dtm:DataTypeName>smalldatetime</dtm:DataTypeName>
		</dtm:SourceDataType>
		<dtm:DestinationDataType>
			<dtm:CharacterStringType>
				<dtm:DataTypeName>DT_DBTIMESTAMP</dtm:DataTypeName>
				<dtm:Length>30</dtm:Length>
			</dtm:CharacterStringType>
		</dtm:DestinationDataType>
	</dtm:DataTypeMapping>	

</dtm:DataTypeMappings>
