﻿<?xml version="1.0" encoding="utf-8" ?> 
<dtm:DataTypeMappings
	xmlns:dtm="http://www.microsoft.com/SqlServer/Dts/DataTypeMapping.xsd" 
	xmlns:xsi="http://www.w3.org/2001/XMLSchema-instance"
	SourceType="SSIS Data Flow" 
	MinSourceVersion="*" 
	MaxSourceVersion="*" 
	DestinationType="Microsoft.Jet.OLEDB" 
	MinDestinationVersion="*" 
	MaxDestinationVersion="*">

	<!-- DT_I1 -->
	<dtm:DataTypeMapping >
		<dtm:SourceDataType>
			<dtm:DataTypeName>DT_I1</dtm:DataTypeName>
		</dtm:SourceDataType>
		<dtm:DestinationDataType>
			<dtm:SimpleType>
				<dtm:DataTypeName>Short</dtm:DataTypeName>
			</dtm:SimpleType>
		</dtm:DestinationDataType>
	</dtm:DataTypeMapping>

	<!-- DT_I2 -->
	<dtm:DataTypeMapping >
		<dtm:SourceDataType>
			<dtm:DataTypeName>DT_I2</dtm:DataTypeName>
		</dtm:SourceDataType>
		<dtm:DestinationDataType>
			<dtm:SimpleType>
				<dtm:DataTypeName>Short</dtm:DataTypeName>
			</dtm:SimpleType>
		</dtm:DestinationDataType>
	</dtm:DataTypeMapping>	

	<!-- DT_I4 -->
	<dtm:DataTypeMapping >
		<dtm:SourceDataType>
			<dtm:DataTypeName>DT_I4</dtm:DataTypeName>
		</dtm:SourceDataType>
		<dtm:DestinationDataType>
			<dtm:SimpleType>
				<dtm:DataTypeName>Long</dtm:DataTypeName>
			</dtm:SimpleType>
		</dtm:DestinationDataType>
	</dtm:DataTypeMapping>

	<!-- DT_I8 -->
	<dtm:DataTypeMapping >
		<dtm:SourceDataType>
			<dtm:DataTypeName>DT_I8</dtm:DataTypeName>
		</dtm:SourceDataType>
		<dtm:DestinationDataType>
			<dtm:NumericType>
				<dtm:DataTypeName>Decimal</dtm:DataTypeName>
				<dtm:Precision>19</dtm:Precision>
				<dtm:Scale>0</dtm:Scale>
			</dtm:NumericType>
		</dtm:DestinationDataType>
	</dtm:DataTypeMapping>

	<!-- DT_UI1 -->
	<dtm:DataTypeMapping >
		<dtm:SourceDataType>
			<dtm:DataTypeName>DT_UI1</dtm:DataTypeName>
		</dtm:SourceDataType>
		<dtm:DestinationDataType>
			<dtm:SimpleType>
				<dtm:DataTypeName>Byte</dtm:DataTypeName>
			</dtm:SimpleType>
		</dtm:DestinationDataType>
	</dtm:DataTypeMapping>

	<!-- DT_UI2 -->
	<dtm:DataTypeMapping >
		<dtm:SourceDataType>
			<dtm:DataTypeName>DT_UI2</dtm:DataTypeName>
		</dtm:SourceDataType>
		<dtm:DestinationDataType>
			<dtm:SimpleType>
				<dtm:DataTypeName>Long</dtm:DataTypeName>
			</dtm:SimpleType>
		</dtm:DestinationDataType>
	</dtm:DataTypeMapping>

	<!-- DT_UI4 -->
	<dtm:DataTypeMapping >
		<dtm:SourceDataType>
			<dtm:DataTypeName>DT_UI4</dtm:DataTypeName>
		</dtm:SourceDataType>
		<dtm:DestinationDataType>
			<dtm:NumericType>
				<dtm:DataTypeName>Decimal</dtm:DataTypeName>
				<dtm:Precision>19</dtm:Precision>
				<dtm:Scale>0</dtm:Scale>
			</dtm:NumericType>
		</dtm:DestinationDataType>
	</dtm:DataTypeMapping>

	<!-- DT_UI8 -->
	<dtm:DataTypeMapping >
		<dtm:SourceDataType>
			<dtm:DataTypeName>DT_UI8</dtm:DataTypeName>
		</dtm:SourceDataType>
		<dtm:DestinationDataType>
			<dtm:NumericType>
				<dtm:DataTypeName>Decimal</dtm:DataTypeName>
				<dtm:Precision>19</dtm:Precision>
				<dtm:Scale>0</dtm:Scale>
			</dtm:NumericType>
		</dtm:DestinationDataType>
	</dtm:DataTypeMapping>

	<!-- DT_R4 -->
	<dtm:DataTypeMapping >
		<dtm:SourceDataType>
			<dtm:DataTypeName>DT_R4</dtm:DataTypeName>
		</dtm:SourceDataType>
		<dtm:DestinationDataType>
			<dtm:SimpleType>
				<dtm:DataTypeName>Single</dtm:DataTypeName>
			</dtm:SimpleType>
		</dtm:DestinationDataType>
	</dtm:DataTypeMapping>	

	<!-- DT_R8 -->
	<dtm:DataTypeMapping >
		<dtm:SourceDataType>
			<dtm:DataTypeName>DT_R8</dtm:DataTypeName>
		</dtm:SourceDataType>
		<dtm:DestinationDataType>
			<dtm:SimpleType>
				<dtm:DataTypeName>Double</dtm:DataTypeName>
			</dtm:SimpleType>
		</dtm:DestinationDataType>
	</dtm:DataTypeMapping>

	<!-- DT_CY -->
	<dtm:DataTypeMapping >
		<dtm:SourceDataType>
			<dtm:DataTypeName>DT_CY</dtm:DataTypeName>
		</dtm:SourceDataType>
		<dtm:DestinationDataType>
			<dtm:SimpleType>
				<dtm:DataTypeName>Currency</dtm:DataTypeName>
			</dtm:SimpleType>
		</dtm:DestinationDataType>
	</dtm:DataTypeMapping>

	<!-- DT_BOOL -->
	<dtm:DataTypeMapping >
		<dtm:SourceDataType>
			<dtm:DataTypeName>DT_BOOL</dtm:DataTypeName>
		</dtm:SourceDataType>
		<dtm:DestinationDataType>
			<dtm:SimpleType>
				<dtm:DataTypeName>Byte</dtm:DataTypeName>
			</dtm:SimpleType>
		</dtm:DestinationDataType>
	</dtm:DataTypeMapping>

	<!-- DT_GUID -->
	<dtm:DataTypeMapping >
		<dtm:SourceDataType>
			<dtm:DataTypeName>DT_GUID</dtm:DataTypeName>
		</dtm:SourceDataType>
		<dtm:DestinationDataType>
			<dtm:SimpleType>
				<dtm:DataTypeName>GUID</dtm:DataTypeName>
			</dtm:SimpleType>
		</dtm:DestinationDataType>
	</dtm:DataTypeMapping>	

	<!-- DT_BYTES -->
	<dtm:DataTypeMapping >
		<dtm:SourceDataType>
			<dtm:DataTypeName>DT_BYTES</dtm:DataTypeName>
		</dtm:SourceDataType>
		<dtm:DestinationDataType>
			<dtm:SimpleType>
				<dtm:DataTypeName>LongBinary</dtm:DataTypeName>
			</dtm:SimpleType>
		</dtm:DestinationDataType>
	</dtm:DataTypeMapping>	

	<!-- DT_IMAGE -->
	<dtm:DataTypeMapping >
		<dtm:SourceDataType>
			<dtm:DataTypeName>DT_IMAGE</dtm:DataTypeName>
		</dtm:SourceDataType>
		<dtm:DestinationDataType>
			<dtm:SimpleType>
				<dtm:DataTypeName>LongBinary</dtm:DataTypeName>
			</dtm:SimpleType>
		</dtm:DestinationDataType>
	</dtm:DataTypeMapping>	

	<!-- DT_TEXT -->
	<dtm:DataTypeMapping >
		<dtm:SourceDataType>
			<dtm:DataTypeName>DT_TEXT</dtm:DataTypeName>
		</dtm:SourceDataType>
		<dtm:DestinationDataType>
			<dtm:SimpleType>
				<dtm:DataTypeName>LongText</dtm:DataTypeName>
			</dtm:SimpleType>
		</dtm:DestinationDataType>
	</dtm:DataTypeMapping>

	<!-- DT_NTEXT -->
	<dtm:DataTypeMapping >
		<dtm:SourceDataType>
			<dtm:DataTypeName>DT_NTEXT</dtm:DataTypeName>
		</dtm:SourceDataType>
		<dtm:DestinationDataType>
			<dtm:SimpleType>
				<dtm:DataTypeName>LongText</dtm:DataTypeName>
			</dtm:SimpleType>
		</dtm:DestinationDataType>
	</dtm:DataTypeMapping>

	<!-- DT_STR -->
	<dtm:DataTypeMapping >
		<dtm:SourceDataType>
			<dtm:DataTypeName>DT_STR</dtm:DataTypeName>
		</dtm:SourceDataType>
		<dtm:DestinationDataType>
			<dtm:SimpleType>
				<dtm:DataTypeName>LongText</dtm:DataTypeName>
			</dtm:SimpleType>
		</dtm:DestinationDataType>
	</dtm:DataTypeMapping>	

	<!-- DT_WSTR -->
	<dtm:DataTypeMapping >
		<dtm:SourceDataType>
			<dtm:DataTypeName>DT_WSTR</dtm:DataTypeName>
		</dtm:SourceDataType>
		<dtm:DestinationDataType>
			<dtm:SimpleType>
				<dtm:DataTypeName>LongText</dtm:DataTypeName>
			</dtm:SimpleType>
		</dtm:DestinationDataType>
	</dtm:DataTypeMapping>	

	<!-- DT_DECIMAL -->
	<dtm:DataTypeMapping >
		<dtm:SourceDataType>
			<dtm:DataTypeName>DT_DECIMAL</dtm:DataTypeName>
		</dtm:SourceDataType>
		<dtm:DestinationDataType>
			<dtm:NumericType>
				<dtm:DataTypeName>Decimal</dtm:DataTypeName>
				<dtm:UseSourcePrecision/>
				<dtm:UseSourceScale/>
			</dtm:NumericType>
		</dtm:DestinationDataType>
	</dtm:DataTypeMapping>	

	<!-- DT_NUMERIC -->
	<dtm:DataTypeMapping >
		<dtm:SourceDataType>
			<dtm:DataTypeName>DT_NUMERIC</dtm:DataTypeName>
		</dtm:SourceDataType>
		<dtm:DestinationDataType>
			<dtm:NumericType>
				<dtm:DataTypeName>Decimal</dtm:DataTypeName>
				<dtm:UseSourcePrecision/>
				<dtm:UseSourceScale/>
			</dtm:NumericType>
		</dtm:DestinationDataType>
	</dtm:DataTypeMapping>	

	<!-- DT_DBTIMESTAMP -->
	<dtm:DataTypeMapping >
		<dtm:SourceDataType>
			<dtm:DataTypeName>DT_DBTIMESTAMP</dtm:DataTypeName>
		</dtm:SourceDataType>
		<dtm:DestinationDataType>
			<dtm:SimpleType>
				<dtm:DataTypeName>DateTime</dtm:DataTypeName>
			</dtm:SimpleType>
		</dtm:DestinationDataType>
	</dtm:DataTypeMapping>

	<!-- DT_DATE -->
	<dtm:DataTypeMapping >
		<dtm:SourceDataType>
			<dtm:DataTypeName>DT_DATE</dtm:DataTypeName>
		</dtm:SourceDataType>
		<dtm:DestinationDataType>
			<dtm:SimpleType>
				<dtm:DataTypeName>DateTime</dtm:DataTypeName>
			</dtm:SimpleType>
		</dtm:DestinationDataType>
	</dtm:DataTypeMapping>

	<!-- DT_DBDATE -->
	<dtm:DataTypeMapping >
		<dtm:SourceDataType>
			<dtm:DataTypeName>DT_DBDATE</dtm:DataTypeName>
		</dtm:SourceDataType>
		<dtm:DestinationDataType>
			<dtm:SimpleType>
				<dtm:DataTypeName>DateTime</dtm:DataTypeName>
			</dtm:SimpleType>
		</dtm:DestinationDataType>
	</dtm:DataTypeMapping>

	<!-- DT_DBTIME -->
	<dtm:DataTypeMapping >
		<dtm:SourceDataType>
			<dtm:DataTypeName>DT_DBTIME</dtm:DataTypeName>
		</dtm:SourceDataType>
		<dtm:DestinationDataType>
			<dtm:SimpleType>
				<dtm:DataTypeName>DateTime</dtm:DataTypeName>
			</dtm:SimpleType>
		</dtm:DestinationDataType>
	</dtm:DataTypeMapping>

	<!-- DT_FILETIME -->
	<dtm:DataTypeMapping >
		<dtm:SourceDataType>
			<dtm:DataTypeName>DT_FILETIME</dtm:DataTypeName>
		</dtm:SourceDataType>
		<dtm:DestinationDataType>
			<dtm:SimpleType>
				<dtm:DataTypeName>DateTime</dtm:DataTypeName>
			</dtm:SimpleType>
		</dtm:DestinationDataType>
	</dtm:DataTypeMapping>

</dtm:DataTypeMappings>
