﻿<?xml version="1.0" encoding="utf-8" ?>
<Extensions xmlns="http://www.microsoft.com/SqlServer/Dts/Extensions.xsd">
  <Tasks>
    <!-- DEFAULT TASKS -->
    <Task Identifier="Attunity.CdcControlTask" Model=".NET">
      <CreationName>Attunity.SqlServer.CDCControlTask.CdcControlTask, Attunity.SqlServer.CDCControlTask, Version=4.0.0.0, Culture=neutral, PublicKeyToken=aa342389a732e31c</CreationName>
    </Task>
    <Task Identifier="Microsoft.ASExecuteDDLTask" Model=".NET">
      <CreationName>Microsoft.DataTransformationServices.Tasks.DTSProcessingTask.ASExecuteDDLTask, Microsoft.SqlServer.ASTasks, Version=13.0.0.0, Culture=neutral, PublicKeyToken=89845dcd8080cc91</CreationName>
    </Task>
    <Task Identifier="Microsoft.BulkInsertTask" Model=".NET">
      <CreationName>Microsoft.SqlServer.Dts.Tasks.BulkInsertTask.BulkInsertTask, Microsoft.SqlServer.BulkInsertTask, Version=13.0.0.0, Culture=neutral, PublicKeyToken=89845dcd8080cc91</CreationName>
    </Task>
    <Task Identifier="Microsoft.DataProfilingTask" Model=".NET">
      <CreationName>Microsoft.SqlServer.Dts.Tasks.DataProfilingTask.DataProfilingTask, Microsoft.SqlServer.DataProfilingTask, Version=13.0.0.0, Culture=neutral, PublicKeyToken=89845dcd8080cc91</CreationName>
    </Task>
    <Task Identifier="Microsoft.DMQueryTask" Model=".NET">
      <CreationName>Microsoft.SqlServer.Dts.Tasks.DMQueryTask.DMQueryTask, Microsoft.SqlServer.DMQueryTask, Version=13.0.0.0, Culture=neutral, PublicKeyToken=89845dcd8080cc91</CreationName>
    </Task>
    <Task Identifier="Microsoft.DTSProcessingTask" Model=".NET">
      <CreationName>Microsoft.DataTransformationServices.Tasks.DTSProcessingTask.DTSProcessingTask, Microsoft.SqlServer.ASTasks, Version=13.0.0.0, Culture=neutral, PublicKeyToken=89845dcd8080cc91</CreationName>
    </Task>
    <Task Identifier="Microsoft.ExecutePackageTask" Model="COM">
      <CreationName>SSIS.ExecutePackageTask.5</CreationName>
      <CreationName>{B731203E-A927-4EE5-8AFA-E2613A99FD28}</CreationName>
    </Task>
    <Task Identifier="Microsoft.ExecuteProcess" Model=".NET">
      <CreationName>Microsoft.SqlServer.Dts.Tasks.ExecuteProcess.ExecuteProcess, Microsoft.SqlServer.ExecProcTask, Version=13.0.0.0, Culture=neutral, PublicKeyToken=89845dcd8080cc91</CreationName>
    </Task>
    <Task Identifier="Microsoft.ExecuteSQLTask" Model=".NET">
      <CreationName>Microsoft.SqlServer.Dts.Tasks.ExecuteSQLTask.ExecuteSQLTask, Microsoft.SqlServer.SQLTask, Version=13.0.0.0, Culture=neutral, PublicKeyToken=89845dcd8080cc91</CreationName>
    </Task>
    <Task Identifier="Microsoft.ExpressionTask" Model=".NET">
      <CreationName>Microsoft.SqlServer.Dts.Tasks.ExpressionTask.ExpressionTask, Microsoft.SqlServer.ExpressionTask, Version=13.0.0.0, Culture=neutral, PublicKeyToken=89845dcd8080cc91</CreationName>
    </Task>
    <Task Identifier="Microsoft.FileSystemTask" Model=".NET">
      <CreationName>Microsoft.SqlServer.Dts.Tasks.FileSystemTask.FileSystemTask, Microsoft.SqlServer.FileSystemTask, Version=13.0.0.0, Culture=neutral, PublicKeyToken=89845dcd8080cc91</CreationName>
    </Task>
    <Task Identifier="Microsoft.FtpTask" Model=".NET">
      <CreationName>Microsoft.SqlServer.Dts.Tasks.FtpTask.FtpTask, Microsoft.SqlServer.FtpTask, Version=13.0.0.0, Culture=neutral, PublicKeyToken=89845dcd8080cc91</CreationName>
    </Task>
    <Task Identifier="Microsoft.MessageQueueTask" Model=".NET">
      <CreationName>Microsoft.SqlServer.Dts.Tasks.MessageQueueTask.MessageQueueTask, Microsoft.SqlServer.MSMQTask, Version=13.0.0.0, Culture=neutral, PublicKeyToken=89845dcd8080cc91</CreationName>
    </Task>
    <Task Identifier="Microsoft.Pipeline" Model="COM">
      <CreationName>SSIS.Pipeline.5</CreationName>
      <CreationName>{C4D4D1F8-B3EF-4A16-9E0B-BD837F067CAA}</CreationName>
    </Task>
    <Task Identifier="Microsoft.ReplacementTask" Model="COM">
      <CreationName>SSIS.ReplacementTask.5</CreationName>
      <CreationName>{AC7CFD46-0743-4660-BC8B-8F509A8646C4}</CreationName>
    </Task>
    <Task Identifier="Microsoft.ScriptTask" Model=".NET">
      <CreationName>Microsoft.SqlServer.Dts.Tasks.ScriptTask.ScriptTask, Microsoft.SqlServer.ScriptTask, Version=13.0.0.0, Culture=neutral, PublicKeyToken=89845dcd8080cc91</CreationName>
    </Task>
    <Task Identifier="Microsoft.SendMailTask" Model=".NET">
      <CreationName>Microsoft.SqlServer.Dts.Tasks.SendMailTask.SendMailTask, Microsoft.SqlServer.SendMailTask, Version=13.0.0.0, Culture=neutral, PublicKeyToken=89845dcd8080cc91</CreationName>
    </Task>
    <Task Identifier="Microsoft.TransferDatabaseTask" Model=".NET">
      <CreationName>Microsoft.SqlServer.Dts.Tasks.TransferDatabaseTask.TransferDatabaseTask, Microsoft.SqlServer.TransferDatabasesTask, Version=13.0.0.0, Culture=neutral, PublicKeyToken=89845dcd8080cc91</CreationName>
    </Task>
    <Task Identifier="Microsoft.TransferErrorMessagesTask" Model=".NET">
      <CreationName>Microsoft.SqlServer.Dts.Tasks.TransferErrorMessagesTask.TransferErrorMessagesTask, Microsoft.SqlServer.TransferErrorMessagesTask, Version=13.0.0.0, Culture=neutral, PublicKeyToken=89845dcd8080cc91</CreationName>
    </Task>
    <Task Identifier="Microsoft.TransferJobsTask" Model=".NET">
      <CreationName>Microsoft.SqlServer.Dts.Tasks.TransferJobsTask.TransferJobsTask, Microsoft.SqlServer.TransferJobsTask, Version=13.0.0.0, Culture=neutral, PublicKeyToken=89845dcd8080cc91</CreationName>
    </Task>
    <Task Identifier="Microsoft.TransferLoginsTask" Model=".NET">
      <CreationName>Microsoft.SqlServer.Dts.Tasks.TransferLoginsTask.TransferLoginsTask, Microsoft.SqlServer.TransferLoginsTask, Version=13.0.0.0, Culture=neutral, PublicKeyToken=89845dcd8080cc91</CreationName>
    </Task>
    <Task Identifier="Microsoft.TransferObjectsTask" Model=".NET">
      <CreationName>Microsoft.SqlServer.Dts.Tasks.TransferObjectsTask.TransferObjectsTask, Microsoft.SqlServer.TransferObjectsTask, Version=13.0.0.0, Culture=neutral, PublicKeyToken=89845dcd8080cc91</CreationName>
    </Task>
    <Task Identifier="Microsoft.TransferSqlServerObjectsTask" Model=".NET">
      <CreationName>Microsoft.SqlServer.Dts.Tasks.TransferSqlServerObjectsTask.TransferSqlServerObjectsTask, Microsoft.SqlServer.TransferSqlServerObjectsTask, Version=13.0.0.0, Culture=neutral, PublicKeyToken=89845dcd8080cc91</CreationName>
    </Task>
    <Task Identifier="Microsoft.TransferStoredProceduresTask" Model=".NET">
      <CreationName>Microsoft.SqlServer.Dts.Tasks.TransferStoredProceduresTask.TransferStoredProceduresTask, Microsoft.SqlServer.TransferStoredProceduresTask, Version=13.0.0.0, Culture=neutral, PublicKeyToken=89845dcd8080cc91</CreationName>
    </Task>
    <Task Identifier="Microsoft.WebServiceTask" Model=".NET">
      <CreationName>Microsoft.SqlServer.Dts.Tasks.WebServiceTask.WebServiceTask, Microsoft.SqlServer.WebServiceTask, Version=13.0.0.0, Culture=neutral, PublicKeyToken=89845dcd8080cc91</CreationName>
    </Task>
    <Task Identifier="Microsoft.WmiDataReaderTask" Model=".NET">
      <CreationName>Microsoft.SqlServer.Dts.Tasks.WmiDataReaderTask.WmiDataReaderTask, Microsoft.SqlServer.WMIDRTask, Version=13.0.0.0, Culture=neutral, PublicKeyToken=89845dcd8080cc91</CreationName>
    </Task>
    <Task Identifier="Microsoft.WmiEventWatcherTask" Model=".NET">
      <CreationName>Microsoft.SqlServer.Dts.Tasks.WmiEventWatcherTask.WmiEventWatcherTask, Microsoft.SqlServer.WMIEWTask, Version=13.0.0.0, Culture=neutral, PublicKeyToken=89845dcd8080cc91</CreationName>
    </Task>
    <Task Identifier="Microsoft.XMLTask" Model=".NET">
      <CreationName>Microsoft.SqlServer.Dts.Tasks.XMLTask.XMLTask, Microsoft.SqlServer.XMLTask, Version=13.0.0.0, Culture=neutral, PublicKeyToken=89845dcd8080cc91</CreationName>
    </Task>
    <!-- DATA COLLECTOR -->
    <Task Identifier="Microsoft.CacheWindowMaintainanceTask" Model=".NET">
      <CreationName>Microsoft.SqlServer.Management.Collector.Tasks.CacheWindowMaintainanceTask, Microsoft.SqlServer.Management.CollectorTasks, Version=13.0.0.0, Culture=neutral, PublicKeyToken=89845dcd8080cc91</CreationName>
    </Task>
    <Task Identifier="Microsoft.FileAccessTask" Model="COM">
      <CreationName>DTS.FileAccessTask.4</CreationName>
      <CreationName>{A8EE08CC-40AF-4457-90E4-E2C0F892F1A0}</CreationName>
    </Task>
    <Task Identifier="Microsoft.GenerateTSQLPackageTask" Model=".NET">
      <CreationName>Microsoft.SqlServer.Management.Collector.Tasks.GenerateTSQLPackageTask, Microsoft.SqlServer.Management.CollectorTasks, Version=13.0.0.0, Culture=neutral, PublicKeyToken=89845dcd8080cc91</CreationName>
    </Task>
    <Task Identifier="Microsoft.UpdateRowCountsTask" Model="COM">
      <CreationName>DTS.UpdateRowCountsTask.4</CreationName>
      <CreationName>{FE2D84B0-BBD5-4EC6-9A74-EE1C55148D78}</CreationName>
    </Task>
    <Task Identifier="Microsoft.ResetRowCountsTask" Model="COM">
      <CreationName>DTS.ResetRowCountsTask.4</CreationName>
      <CreationName>{35D68376-91F6-45C6-A1C8-0EF266C8A43C}</CreationName>
    </Task>
    <Task Identifier="Microsoft.TraceStartScriptTask" Model="COM">
      <CreationName>DTS.TraceStartScriptTask.4</CreationName>
      <CreationName>{D0A6F47C-990C-4854-AAB1-30FA11947CC3}</CreationName>
    </Task>
    <!-- MAINTENANCE PLANS -->
    <Task Identifier="Microsoft.DbMaintenanceBackupTask" Model=".NET">
      <CreationName>Microsoft.SqlServer.Management.DatabaseMaintenance.DbMaintenanceBackupTask, Microsoft.SqlServer.MaintenancePlanTasks, Version=13.0.0.0, Culture=neutral, PublicKeyToken=89845dcd8080cc91</CreationName>
    </Task>
    <Task Identifier="Microsoft.DbMaintenanceCheckIntegrityTask" Model=".NET">
      <CreationName>Microsoft.SqlServer.Management.DatabaseMaintenance.DbMaintenanceCheckIntegrityTask, Microsoft.SqlServer.MaintenancePlanTasks, Version=13.0.0.0, Culture=neutral, PublicKeyToken=89845dcd8080cc91</CreationName>
    </Task>
    <Task Identifier="Microsoft.DbMaintenanceDefragmentIndexTask" Model=".NET">
      <CreationName>Microsoft.SqlServer.Management.DatabaseMaintenance.DbMaintenanceDefragmentIndexTask, Microsoft.SqlServer.MaintenancePlanTasks, Version=13.0.0.0, Culture=neutral, PublicKeyToken=89845dcd8080cc91</CreationName>
    </Task>
    <Task Identifier="Microsoft.DbMaintenanceExecuteAgentJobTask" Model=".NET">
      <CreationName>Microsoft.SqlServer.Management.DatabaseMaintenance.DbMaintenanceExecuteAgentJobTask, Microsoft.SqlServer.MaintenancePlanTasks, Version=13.0.0.0, Culture=neutral, PublicKeyToken=89845dcd8080cc91</CreationName>
    </Task>
    <Task Identifier="Microsoft.DbMaintenanceFileCleanupTask" Model=".NET">
      <CreationName>Microsoft.SqlServer.Management.DatabaseMaintenance.DbMaintenanceFileCleanupTask, Microsoft.SqlServer.MaintenancePlanTasks, Version=13.0.0.0, Culture=neutral, PublicKeyToken=89845dcd8080cc91</CreationName>
    </Task>
    <Task Identifier="Microsoft.DbMaintenanceHistoryCleanupTask" Model=".NET">
      <CreationName>Microsoft.SqlServer.Management.DatabaseMaintenance.DbMaintenanceHistoryCleanupTask, Microsoft.SqlServer.MaintenancePlanTasks, Version=13.0.0.0, Culture=neutral, PublicKeyToken=89845dcd8080cc91</CreationName>
    </Task>
    <Task Identifier="Microsoft.DbMaintenanceNotifyOperatorTask" Model=".NET">
      <CreationName>Microsoft.SqlServer.Management.DatabaseMaintenance.DbMaintenanceNotifyOperatorTask, Microsoft.SqlServer.MaintenancePlanTasks, Version=13.0.0.0, Culture=neutral, PublicKeyToken=89845dcd8080cc91</CreationName>
    </Task>
    <Task Identifier="Microsoft.DbMaintenanceReindexTask" Model=".NET">
      <CreationName>Microsoft.SqlServer.Management.DatabaseMaintenance.DbMaintenanceReindexTask, Microsoft.SqlServer.MaintenancePlanTasks, Version=13.0.0.0, Culture=neutral, PublicKeyToken=89845dcd8080cc91</CreationName>
    </Task>
    <Task Identifier="Microsoft.DbMaintenanceShrinkTask" Model=".NET">
      <CreationName>Microsoft.SqlServer.Management.DatabaseMaintenance.DbMaintenanceShrinkTask, Microsoft.SqlServer.MaintenancePlanTasks, Version=13.0.0.0, Culture=neutral, PublicKeyToken=89845dcd8080cc91</CreationName>
    </Task>
    <Task Identifier="Microsoft.DbMaintenanceTSQLExecuteTask" Model=".NET">
      <CreationName>Microsoft.SqlServer.Management.DatabaseMaintenance.DbMaintenanceTSQLExecuteTask, Microsoft.SqlServer.MaintenancePlanTasks, Version=13.0.0.0, Culture=neutral, PublicKeyToken=89845dcd8080cc91</CreationName>
    </Task>
    <Task Identifier="Microsoft.DbMaintenanceUpdateStatisticsTask" Model=".NET">
      <CreationName>Microsoft.SqlServer.Management.DatabaseMaintenance.DbMaintenanceUpdateStatisticsTask, Microsoft.SqlServer.MaintenancePlanTasks, Version=13.0.0.0, Culture=neutral, PublicKeyToken=89845dcd8080cc91</CreationName>
    </Task>
    <Task Identifier="Microsoft.ReportingTask" Model=".NET">
      <CreationName>Microsoft.SqlServer.Management.DatabaseMaintenance.ReportingTask, Microsoft.SqlServer.MaintenancePlanTasks, Version=13.0.0.0, Culture=neutral, PublicKeyToken=89845dcd8080cc91</CreationName>
    </Task>
    <Task Identifier="Microsoft.SubPlanPostExecuteTask" Model=".NET">
      <CreationName>Microsoft.SqlServer.Management.DatabaseMaintenance.SubPlanPostExecuteTask, Microsoft.SqlServer.MaintenancePlanTasks, Version=13.0.0.0, Culture=neutral, PublicKeyToken=89845dcd8080cc91</CreationName>
    </Task>
    <!-- STOCK IDENTIFIERS -->
    <Task Identifier="STOCK:SQLTask" Model=".NET">
      <CreationName>Microsoft.SqlServer.Dts.Tasks.ExecuteSQLTask.ExecuteSQLTask, Microsoft.SqlServer.SQLTask, Version=13.0.0.0, Culture=neutral, PublicKeyToken=89845dcd8080cc91</CreationName>
    </Task>
    <Task Identifier="STOCK:ScriptTask" Model=".NET">
      <CreationName>Microsoft.SqlServer.Dts.Tasks.ScriptTask.ScriptTask, Microsoft.SqlServer.ScriptTask, Version=13.0.0.0, Culture=neutral, PublicKeyToken=89845dcd8080cc91</CreationName>
    </Task>
    <Task Identifier="STOCK:ExecuteProcessTask" Model=".NET">
      <CreationName>Microsoft.SqlServer.Dts.Tasks.ExecuteProcess.ExecuteProcess, Microsoft.SqlServer.ExecProcTask, Version=13.0.0.0, Culture=neutral, PublicKeyToken=89845dcd8080cc91</CreationName>
    </Task>
    <Task Identifier="STOCK:ExecutePackageTask" Model="COM">
      <CreationName>SSIS.ExecutePackageTask.5</CreationName>
      <CreationName>{B731203E-A927-4EE5-8AFA-E2613A99FD28}</CreationName>
    </Task>
    <Task Identifier="STOCK:PipelineTask" Model="COM">
      <CreationName>SSIS.Pipeline.5</CreationName>
      <CreationName>{C4D4D1F8-B3EF-4A16-9E0B-BD837F067CAA}</CreationName>
    </Task>
    <Task Identifier="STOCK:FTPTask" Model=".NET">
      <CreationName>Microsoft.SqlServer.Dts.Tasks.FtpTask.FtpTask, Microsoft.SqlServer.FtpTask, Version=13.0.0.0, Culture=neutral, PublicKeyToken=89845dcd8080cc91</CreationName>
    </Task>
    <Task Identifier="STOCK:SendMailTask" Model=".NET">
      <CreationName>Microsoft.SqlServer.Dts.Tasks.SendMailTask.SendMailTask, Microsoft.SqlServer.SendMailTask, Version=13.0.0.0, Culture=neutral, PublicKeyToken=89845dcd8080cc91</CreationName>
    </Task>
    <Task Identifier="STOCK:MSMQTask" Model=".NET">
      <CreationName>Microsoft.SqlServer.Dts.Tasks.MessageQueueTask.MessageQueueTask, Microsoft.SqlServer.MSMQTask, Version=13.0.0.0, Culture=neutral, PublicKeyToken=89845dcd8080cc91</CreationName>
    </Task>
    <Task Identifier="STOCK:FileSystemTask" Model=".NET">
      <CreationName>Microsoft.SqlServer.Dts.Tasks.FileSystemTask.FileSystemTask, Microsoft.SqlServer.FileSystemTask, Version=13.0.0.0, Culture=neutral, PublicKeyToken=89845dcd8080cc91</CreationName>
    </Task>
    <Task Identifier="STOCK:BulkInsertTask" Model=".NET">
      <CreationName>Microsoft.SqlServer.Dts.Tasks.BulkInsertTask.BulkInsertTask, Microsoft.SqlServer.BulkInsertTask, Version=13.0.0.0, Culture=neutral, PublicKeyToken=89845dcd8080cc91</CreationName>
    </Task>
    <Task Identifier="STOCK:XMLTask" Model=".NET">
      <CreationName>Microsoft.SqlServer.Dts.Tasks.XMLTask.XMLTask, Microsoft.SqlServer.XMLTask, Version=13.0.0.0, Culture=neutral, PublicKeyToken=89845dcd8080cc91</CreationName>
    </Task>
    <Task Identifier="STOCK:WmiDataReaderTask" Model=".NET">
      <CreationName>Microsoft.SqlServer.Dts.Tasks.WmiDataReaderTask.WmiDataReaderTask, Microsoft.SqlServer.WMIDRTask, Version=13.0.0.0, Culture=neutral, PublicKeyToken=89845dcd8080cc91</CreationName>
    </Task>
    <Task Identifier="STOCK:WmiEventWatcherTask" Model=".NET">
      <CreationName>Microsoft.SqlServer.Dts.Tasks.WmiEventWatcherTask.WmiEventWatcherTask, Microsoft.SqlServer.WMIEWTask, Version=13.0.0.0, Culture=neutral, PublicKeyToken=89845dcd8080cc91</CreationName>
    </Task>
    <Task Identifier="STOCK:TransferStoredProceduresTask" Model=".NET">
      <CreationName>Microsoft.SqlServer.Dts.Tasks.TransferStoredProceduresTask.TransferStoredProceduresTask, Microsoft.SqlServer.TransferStoredProceduresTask, Version=13.0.0.0, Culture=neutral, PublicKeyToken=89845dcd8080cc91</CreationName>
    </Task>
    <Task Identifier="STOCK:TransferLoginsTask" Model=".NET">
      <CreationName>Microsoft.SqlServer.Dts.Tasks.TransferLoginsTask.TransferLoginsTask, Microsoft.SqlServer.TransferLoginsTask, Version=13.0.0.0, Culture=neutral, PublicKeyToken=89845dcd8080cc91</CreationName>
    </Task>
    <Task Identifier="STOCK:TransferErrorMessagesTask" Model=".NET">
      <CreationName>Microsoft.SqlServer.Dts.Tasks.TransferErrorMessagesTask.TransferErrorMessagesTask, Microsoft.SqlServer.TransferErrorMessagesTask, Version=13.0.0.0, Culture=neutral, PublicKeyToken=89845dcd8080cc91</CreationName>
    </Task>
    <Task Identifier="STOCK:TransferJobsTask" Model=".NET">
      <CreationName>Microsoft.SqlServer.Dts.Tasks.TransferJobsTask.TransferJobsTask, Microsoft.SqlServer.TransferJobsTask, Version=13.0.0.0, Culture=neutral, PublicKeyToken=89845dcd8080cc91</CreationName>
    </Task>
    <Task Identifier="STOCK:WebServiceTask" Model=".NET">
      <CreationName>Microsoft.SqlServer.Dts.Tasks.WebServiceTask.WebServiceTask, Microsoft.SqlServer.WebServiceTask, Version=13.0.0.0, Culture=neutral, PublicKeyToken=89845dcd8080cc91</CreationName>
    </Task>
    <Task Identifier="STOCK:TransferSqlServerObjectsTask" Model=".NET">
      <CreationName>Microsoft.SqlServer.Dts.Tasks.TransferSqlServerObjectsTask.TransferSqlServerObjectsTask, Microsoft.SqlServer.TransferSqlServerObjectsTask, Version=13.0.0.0, Culture=neutral, PublicKeyToken=89845dcd8080cc91</CreationName>
    </Task>
    <Task Identifier="STOCK:TransferDatabaseTask" Model=".NET">
      <CreationName>Microsoft.SqlServer.Dts.Tasks.TransferDatabaseTask.TransferDatabaseTask, Microsoft.SqlServer.TransferDatabasesTask, Version=13.0.0.0, Culture=neutral, PublicKeyToken=89845dcd8080cc91</CreationName>
    </Task>
    <Task Identifier="Microsoft.Package" Model="COM">
      <CreationName>SSIS.Package.5</CreationName>
      <CreationName>{6FB1D19E-B035-424C-B74D-EEE266E4D322}</CreationName>
      <CreationName>SSIS.Package</CreationName>
    </Task>
  </Tasks>
  <PipelineComponents>
    <!-- ATTUNITY -->
    <PipelineComponent Identifier="Attunity.CdcSourceComponent" Model=".NET">
      <CreationName>Attunity.SqlServer.CDCSrc.CdcSourceComponent, Attunity.SqlServer.CDCSrc, Version=4.0.0.0, Culture=neutral, PublicKeyToken=aa342389a732e31c</CreationName>
      <TypeConverter name="StateVariable">Attunity.SqlServer.CDCSrc.PackageVariablesTypeConverter, Attunity.SqlServer.CDCSrc, Version=4.0.0.0, Culture=neutral, PublicKeyToken=aa342389a732e31c</TypeConverter>
      <TypeConverter name="CDCProcessingMode">Attunity.SqlServer.CDCSrc.CdcProcessingMode, Attunity.SqlServer.CDCSrc, Version=4.0.0.0, Culture=neutral, PublicKeyToken=aa342389a732e31c</TypeConverter>
    </PipelineComponent>
    <PipelineComponent Identifier="Attunity.CdcSplitterComponent" Model=".NET">
      <CreationName>Attunity.SqlServer.CDCSplit.CdcSplitterComponent, Attunity.SqlServer.CDCSplit, Version=4.0.0.0, Culture=neutral, PublicKeyToken=aa342389a732e31c</CreationName>
      <TypeConverter name="OutputType">Attunity.SqlServer.CDCSplit.OutputType, Attunity.SqlServer.CDCSplit, Version=4.0.0.0, Culture=neutral, PublicKeyToken=aa342389a732e31c</TypeConverter>
    </PipelineComponent>
    <PipelineComponent Identifier="Attunity.SSISODBCDst" Model="COM">
      <CreationName>AttunitySSISODBCDst.5</CreationName>
      <CreationName>{3DD52B92-EBCA-4973-AE43-D2CCA4C2BA00}</CreationName>
    </PipelineComponent>
    <PipelineComponent Identifier="Attunity.SSISODBCSrc" Model="COM">
      <CreationName>AttunitySSISODBCSrc.5</CreationName>
      <CreationName>{9EAC76F9-8D61-4F12-9E7B-529CF31765A1}</CreationName>
    </PipelineComponent>
    <PipelineComponent Identifier="Attunity.SSISOraDst" Model="COM">
      <CreationName>AttunitySSISOraDst.8</CreationName>
      <CreationName>{668D17A5-107E-47FD-BDCF-CD7A32914F43}</CreationName>
    </PipelineComponent>
    <PipelineComponent Identifier="Attunity.SSISOraSrc" Model="COM">
      <CreationName>AttunitySSISOraSrc.8</CreationName>
      <CreationName>{2C485CEC-C064-41D8-87E0-B2160CBCF9D6}</CreationName>
    </PipelineComponent>
    <PipelineComponent Identifier="Attunity.SSISTeraDst" Model="COM">
      <CreationName>AttunitySSISTeraDst.8</CreationName>
      <CreationName>{2A886504-66FC-4DDC-8702-3DB4D3A85657}</CreationName>
    </PipelineComponent>
    <PipelineComponent Identifier="Attunity.SSISTeraSrc" Model="COM">
      <CreationName>AttunitySSISTeraSrc.8</CreationName>
      <CreationName>{20A5C371-7616-4277-B0D2-8FE15AAC7D88}</CreationName>
    </PipelineComponent>
    <!-- DEFAULT -->
    <PipelineComponent Identifier="Microsoft.ADONETDestination" Model=".NET">
      <CreationName>Microsoft.SqlServer.Dts.Pipeline.ADONETDestination, Microsoft.SqlServer.ADONETDest, Version=13.0.0.0, Culture=neutral, PublicKeyToken=89845dcd8080cc91</CreationName>
      <UITypeEditor name="TableOrViewName">Microsoft.DataTransformationServices.Controls.ModalMultilineStringEditor, Microsoft.DataTransformationServices.Controls, Version=13.0.0.0, Culture=neutral, PublicKeyToken=89845dcd8080cc91</UITypeEditor>
    </PipelineComponent>
    <PipelineComponent Identifier="Microsoft.Aggregate" Model="COM">
      <CreationName>DTSTransform.Aggregate.5</CreationName>
      <CreationName>{C0FF41D9-3C8A-479F-A931-ECF1BF3587AB}</CreationName>
    </PipelineComponent>
    <PipelineComponent Identifier="Microsoft.BDD" Model="COM">
      <CreationName>DTSTransform.BalancedDataDistributor.4</CreationName>
      <CreationName>{C925C2DD-D414-4F4D-942E-F4F3E4871666}</CreationName>
      <CreationName>DTSTransform.BalancedDataDistributor</CreationName>
    </PipelineComponent>
    <PipelineComponent Identifier="Microsoft.Cache" Model="COM">
      <CreationName>DTSTransform.Cache.4</CreationName>
      <CreationName>{3E1EBD71-6757-48B7-9F4C-685C8483A9F3}</CreationName>
    </PipelineComponent>
    <PipelineComponent Identifier="Microsoft.CharacterMap" Model="COM">
      <CreationName>DTSTransform.CharacterMap.5</CreationName>
      <CreationName>{DFC6B332-0813-4B47-9BF0-E6091BFB4F46}</CreationName>
    </PipelineComponent>
    <PipelineComponent Identifier="Microsoft.ConditionalSplit" Model="COM">
      <CreationName>DTSTransform.ConditionalSplit.5</CreationName>
      <CreationName>{7A2B9683-FF48-4927-8B2B-72B6A6AF92C1}</CreationName>
    </PipelineComponent>
    <PipelineComponent Identifier="Microsoft.CopyMap" Model="COM">
      <CreationName>DTSTransform.CopyMap.5</CreationName>
      <CreationName>{CE5AAA24-EF2F-4453-8CE6-5059FBBECA03}</CreationName>
    </PipelineComponent>
    <PipelineComponent Identifier="Microsoft.DataConvert" Model="COM">
      <CreationName>DTSTransform.DataConvert.5</CreationName>
      <CreationName>{600C47E0-558E-483B-9B86-5FB4328433D1}</CreationName>
    </PipelineComponent>
    <PipelineComponent Identifier="Microsoft.DataCorrectionComponent" Model=".NET">
      <CreationName>Microsoft.Ssdqs.Component.DataCorrection.Logic.DataCorrectionComponent, Microsoft.Ssdqs.Component.DataCorrection, Version=13.0.0.0, Culture=neutral, PublicKeyToken=89845dcd8080cc91</CreationName>
    </PipelineComponent>
    <PipelineComponent Identifier="Microsoft.DataReaderDestinationAdapter" Model=".NET">
      <CreationName>Microsoft.SqlServer.Dts.Pipeline.DataReaderDestinationAdapter, Microsoft.SqlServer.DataReaderDest, Version=13.0.0.0, Culture=neutral, PublicKeyToken=89845dcd8080cc91</CreationName>
    </PipelineComponent>
    <PipelineComponent Identifier="Microsoft.DataReaderSourceAdapter" Model=".NET">
      <CreationName>Microsoft.SqlServer.Dts.Pipeline.DataReaderSourceAdapter, Microsoft.SqlServer.ADONETSrc, Version=13.0.0.0, Culture=neutral, PublicKeyToken=89845dcd8080cc91</CreationName>
      <TypeConverter name="AccessMode">Microsoft.SqlServer.Dts.Pipeline.DataReaderSourceAdapter+EnumToStringConverter, Microsoft.SqlServer.ADONETSrc, Version=13.0.0.0, Culture=neutral, PublicKeyToken=89845dcd8080cc91</TypeConverter>
      <UITypeEditor name="SqlCommand">Microsoft.DataTransformationServices.Controls.ModalMultilineStringEditor, Microsoft.DataTransformationServices.Controls, Version=13.0.0.0, Culture=neutral, PublicKeyToken=89845dcd8080cc91</UITypeEditor>
      <UITypeEditor name="TableOrViewName">Microsoft.DataTransformationServices.Controls.ModalMultilineStringEditor, Microsoft.DataTransformationServices.Controls, Version= 13.0.0.0, Culture=neutral, PublicKeyToken=89845dcd8080cc91</UITypeEditor>
    </PipelineComponent>
	<PipelineComponent Identifier="Microsoft.DataStreamingDestinationAdapter" Model=".NET">
	  <CreationName>Microsoft.SqlServer.Dts.DataStreaming.DataStreamingDestinationAdapter, Microsoft.SqlServer.DataStreaming.Dest, Version=13.0.0.0, Culture=neutral, PublicKeyToken=89845dcd8080cc91</CreationName>
	</PipelineComponent>
    <PipelineComponent Identifier="Microsoft.DerivedColumn" Model="COM">
      <CreationName>DTSTransform.DerivedColumn.5</CreationName>
      <CreationName>{A2034F5D-D283-4218-A4AF-AE11AD34B886}</CreationName>
    </PipelineComponent>
    <PipelineComponent Identifier="Microsoft.ExcelDestination" Model="COM">
      <CreationName>DTSAdapter.ExcelDestination.5</CreationName>
      <CreationName>{EDFD5EC4-D128-423D-B962-B586F33F0125}</CreationName>
      <UITypeEditor name="SqlCommand">Microsoft.DataTransformationServices.Controls.ModalMultilineStringEditor, Microsoft.DataTransformationServices.Controls, Version=13.0.0.0, Culture=neutral, PublicKeyToken=89845dcd8080cc91</UITypeEditor>
    </PipelineComponent>
    <PipelineComponent Identifier="Microsoft.ExcelSource" Model="COM">
      <CreationName>DTSAdapter.ExcelSource.5</CreationName>
      <CreationName>{99E18AC3-6E6A-4BF9-AFB2-93D139E6CAAF}</CreationName>
      <UITypeEditor name="SqlCommand">Microsoft.DataTransformationServices.Controls.ModalMultilineStringEditor, Microsoft.DataTransformationServices.Controls, Version=13.0.0.0, Culture=neutral, PublicKeyToken=89845dcd8080cc91</UITypeEditor>
    </PipelineComponent>
    <PipelineComponent Identifier="Microsoft.Extractor" Model="COM">
      <CreationName>TxFileExtractor.Extractor.5</CreationName>
      <CreationName>{8464CCAE-46C1-4FF4-A225-231C8F7D4F76}</CreationName>
    </PipelineComponent>
    <PipelineComponent Identifier="Microsoft.FlatFileDestination" Model="COM">
      <CreationName>DTSAdapter.FlatFileDestination.5</CreationName>
      <CreationName>{44152846-E5A6-4EDB-8B8E-7072209A7662}</CreationName>
    </PipelineComponent>
    <PipelineComponent Identifier="Microsoft.FlatFileSource" Model="COM">
      <CreationName>DTSAdapter.FlatFileSource.5</CreationName>
      <CreationName>{E32A96E1-7118-4CB5-A338-AC69E815CB13}</CreationName>
    </PipelineComponent>
    <PipelineComponent Identifier="Microsoft.FuzzyGrouping" Model="COM">
      <CreationName>DTSTransform.GroupDups.5</CreationName>
      <CreationName>{2FC2630D-4783-46BA-94C9-DE4409AE9CDA}</CreationName>
    </PipelineComponent>
    <PipelineComponent Identifier="Microsoft.FuzzyLookup" Model="COM">
      <CreationName>DTSTransform.BestMatch.5</CreationName>
      <CreationName>{760D7EC0-AEC6-4BEA-9CC5-E591884B6ED5}</CreationName>
    </PipelineComponent>
    <PipelineComponent Identifier="Microsoft.Inserter" Model="COM">
      <CreationName>TxFileInserter.Inserter.5</CreationName>
      <CreationName>{9B886663-2EF8-423D-924E-D93EE2070B1B}</CreationName>
    </PipelineComponent>
    <PipelineComponent Identifier="Microsoft.Lineage" Model="COM">
      <CreationName>DTSTransform.Lineage.5</CreationName>
      <CreationName>{724A1218-565F-49AE-BB53-925B03256CC7}</CreationName>
    </PipelineComponent>
    <PipelineComponent Identifier="Microsoft.Lookup" Model="COM">
      <CreationName>DTSTransform.Lookup.5</CreationName>
      <CreationName>{EDED6488-9C19-496D-9F1D-99E1DB55AF77}</CreationName>
      <UITypeEditor name="SqlCommand">Microsoft.DataTransformationServices.Controls.ModalMultilineStringEditor, Microsoft.DataTransformationServices.Controls, Version=13.0.0.0, Culture=neutral, PublicKeyToken=89845dcd8080cc91</UITypeEditor>
      <UITypeEditor name="SqlCommandParam">Microsoft.DataTransformationServices.Controls.ModalMultilineStringEditor, Microsoft.DataTransformationServices.Controls, Version=13.0.0.0, Culture=neutral, PublicKeyToken=89845dcd8080cc91</UITypeEditor>
    </PipelineComponent>
    <PipelineComponent Identifier="Microsoft.ManagedComponentHost" Model="COM">
      <CreationName>DTS.ManagedComponentWrapper.5</CreationName>
      <CreationName>{4F885D04-B578-47B7-94A0-DE9C7DA25EE2}</CreationName>
    </PipelineComponent>
    <PipelineComponent Identifier="Microsoft.Merge" Model="COM">
      <CreationName>DTSTransform.Merge.5</CreationName>
      <CreationName>{B8AF4E3F-603C-4B41-913E-CC952C4E7ADC}</CreationName>
    </PipelineComponent>
    <PipelineComponent Identifier="Microsoft.MergeJoin" Model="COM">
      <CreationName>DTSTransform.MergeJoin.5</CreationName>
      <CreationName>{9AC07C48-96C6-4981-9080-9FD157B79F27}</CreationName>
    </PipelineComponent>
    <PipelineComponent Identifier="Microsoft.Multicast" Model="COM">
      <CreationName>DTSTransform.Multicast.5</CreationName>
      <CreationName>{EFE6B902-7646-42C1-96BB-21D1AB56DD74}</CreationName>
    </PipelineComponent>
    <PipelineComponent Identifier="Microsoft.OData" Model=".NET">
      <CreationName>Microsoft.SqlServer.IntegrationServices.OData.ODataSource, Microsoft.SqlServer.IntegrationServices.ODataSrc, Version=13.0.0.0, Culture=neutral, PublicKeyToken=89845dcd8080cc91</CreationName>
    </PipelineComponent>
    <PipelineComponent Identifier="Microsoft.OLEDBCommand" Model="COM">
      <CreationName>DTSTransform.OLEDBCommand.5</CreationName>
      <CreationName>{97720936-CE0C-4D46-8CEC-89977421806C}</CreationName>
      <UITypeEditor name="SqlCommand">Microsoft.DataTransformationServices.Controls.ModalMultilineStringEditor, Microsoft.DataTransformationServices.Controls, Version=13.0.0.0, Culture=neutral, PublicKeyToken=89845dcd8080cc91</UITypeEditor>
    </PipelineComponent>
    <PipelineComponent Identifier="Microsoft.OLEDBDestination" Model="COM">
      <CreationName>DTSAdapter.OLEDBDestination.5</CreationName>
      <CreationName>{7B729B0A-4EA5-4A0D-871A-B6E7618E9CFB}</CreationName>
      <UITypeEditor name="SqlCommand">Microsoft.DataTransformationServices.Controls.ModalMultilineStringEditor, Microsoft.DataTransformationServices.Controls, Version=13.0.0.0, Culture=neutral, PublicKeyToken=89845dcd8080cc91</UITypeEditor>
    </PipelineComponent>
    <PipelineComponent Identifier="Microsoft.OLEDBSource" Model="COM">
      <CreationName>DTSAdapter.OLEDBSource.5</CreationName>
      <CreationName>{657B7EBE-0A54-4C0E-A80E-7A5BD9886C25}</CreationName>
      <UITypeEditor name="SqlCommand">Microsoft.DataTransformationServices.Controls.ModalMultilineStringEditor, Microsoft.DataTransformationServices.Controls, Version=13.0.0.0, Culture=neutral, PublicKeyToken=89845dcd8080cc91</UITypeEditor>
    </PipelineComponent>
    <PipelineComponent Identifier="Microsoft.PctSampling" Model="COM">
      <CreationName>DTSTransform.PctSampling.5</CreationName>
      <CreationName>{C00DBAD0-4300-4E1F-9BF7-1459AE576C2C}</CreationName>
    </PipelineComponent>
    <PipelineComponent Identifier="Microsoft.Pivot" Model="COM">
      <CreationName>DTSTransform.Pivot.5</CreationName>
      <CreationName>{F06DDBB9-5521-4A80-9F42-6F4B8C42A4D0}</CreationName>
    </PipelineComponent>
    <PipelineComponent Identifier="Microsoft.PXPipelineDMQuery" Model="COM">
      <CreationName>MSMDPP.PXPipelineDMQuery.5</CreationName>
      <CreationName>{1CA48BCE-61B5-405C-ADDA-87D471E01AE7}</CreationName>
    </PipelineComponent>
    <PipelineComponent Identifier="Microsoft.PXPipelineProcessDimension" Model="COM">
      <CreationName>MSMDPP.PXPipelineProcessDimension.5</CreationName>
      <CreationName>{79D244A2-01CE-4143-8986-E2835EE46B2E}</CreationName>
    </PipelineComponent>
    <PipelineComponent Identifier="Microsoft.PXPipelineProcessDM" Model="COM">
      <CreationName>MSMDPP.PXPipelineProcessDM.5</CreationName>
      <CreationName>{4174FB68-E9BD-490A-92C3-292A194F5C53}</CreationName>
    </PipelineComponent>
    <PipelineComponent Identifier="Microsoft.PXPipelineProcessPartition" Model="COM">
      <CreationName>MSMDPP.PXPipelineProcessPartition.5</CreationName>
      <CreationName>{9D832EE5-FB20-467A-B232-77B8EB036AB7}</CreationName>
    </PipelineComponent>
    <PipelineComponent Identifier="Microsoft.RawDestination" Model="COM">
      <CreationName>DTSAdapter.RawDestination.5</CreationName>
      <CreationName>{953B7879-214C-4AB8-AA79-AEA630F35C46}</CreationName>
      <UITypeEditor name="FileName">Microsoft.DataTransformationServices.Controls.NonValidatingFileNameEditor, Microsoft.DataTransformationServices.Controls, Version=13.0.0.0, Culture=neutral, PublicKeyToken=89845dcd8080cc91</UITypeEditor>
    </PipelineComponent>
    <PipelineComponent Identifier="Microsoft.RawSource" Model="COM">
      <CreationName>DTSAdapter.RawSource.5</CreationName>
      <CreationName>{036C7941-58DF-4CD3-BF13-E5373258D001}</CreationName>
      <UITypeEditor name="FileName">Microsoft.DataTransformationServices.Controls.NonValidatingFileNameEditor, Microsoft.DataTransformationServices.Controls, Version=13.0.0.0, Culture=neutral, PublicKeyToken=89845dcd8080cc91</UITypeEditor>
    </PipelineComponent>
    <PipelineComponent Identifier="Microsoft.RecordsetDestination" Model="COM">
      <CreationName>DTSAdapter.RecordsetDestination.5</CreationName>
      <CreationName>{1D85E797-CA0B-4CE3-934C-4FE7EA589235}</CreationName>
    </PipelineComponent>
    <PipelineComponent Identifier="Microsoft.RowCount" Model="COM">
      <CreationName>DTSTransform.RowCount.5</CreationName>
      <CreationName>{A5CACDE5-7E68-46E3-82D0-583132BF7538}</CreationName>
    </PipelineComponent>
    <PipelineComponent Identifier="Microsoft.RowSampling" Model="COM">
      <CreationName>DTSTransform.RowSampling.5</CreationName>
      <CreationName>{2BC084ED-36D7-4D5F-85C0-1350ACBE19FC}</CreationName>
    </PipelineComponent>
    <PipelineComponent Identifier="Microsoft.SAPBIDestination" Model=".NET">
      <CreationName>Microsoft.SqlServer.Dts.SapBw.Components.SapBwSourceBWLoader, Microsoft.SqlServer.SapBiComponents, Version=13.0.0.0, Culture=neutral, PublicKeyToken=89845dcd8080cc91</CreationName>
    </PipelineComponent>
    <PipelineComponent Identifier="Microsoft.SAPBISource" Model=".NET">
      <CreationName>Microsoft.SqlServer.Dts.SapBw.Components.SapBwSourceOHS, Microsoft.SqlServer.SapBiComponents, Version=13.0.0.0, Culture=neutral, PublicKeyToken=89845dcd8080cc91</CreationName>
    </PipelineComponent>
    <PipelineComponent Identifier="Microsoft.SCD" Model="COM">
      <CreationName>DTSTransform.SCD.5</CreationName>
      <CreationName>{C8866A54-B3FB-46DC-90FE-4F9FAB019485}</CreationName>
      <UITypeEditor name="SqlCommand">Microsoft.DataTransformationServices.Controls.ModalMultilineStringEditor, Microsoft.DataTransformationServices.Controls, Version=13.0.0.0, Culture=neutral, PublicKeyToken=89845dcd8080cc91</UITypeEditor>
    </PipelineComponent>
    <PipelineComponent Identifier="Microsoft.ScriptComponentHost" Model=".NET">
      <CreationName>Microsoft.SqlServer.Dts.Pipeline.ScriptComponentHost, Microsoft.SqlServer.TxScript, Version=13.0.0.0, Culture=neutral, PublicKeyToken=89845dcd8080cc91</CreationName>
      <TypeConverter name="ScriptLanguage">Microsoft.SqlServer.VSTAHosting.ScriptingLanguages, Microsoft.SqlServer.VSTAScriptingLib, Version=13.0.0.0, Culture=neutral, PublicKeyToken=89845dcd8080cc91</TypeConverter>
      <UITypeEditor name="ReadOnlyVariables">Microsoft.DataTransformationServices.Controls.ScriptUIVariablePickerDlg, Microsoft.DataTransformationServices.Controls, Version=13.0.0.0, Culture=neutral, PublicKeyToken=89845dcd8080cc91</UITypeEditor>
      <UITypeEditor name="ReadWriteVariables">Microsoft.DataTransformationServices.Controls.ScriptUIWriteableVariablePickerDlg, Microsoft.DataTransformationServices.Controls, Version=13.0.0.0, Culture=neutral, PublicKeyToken=89845dcd8080cc91</UITypeEditor>
    </PipelineComponent>
    <PipelineComponent Identifier="Microsoft.Sort" Model="COM">
      <CreationName>DTSTransform.Sort.5</CreationName>
      <CreationName>{7B0346D5-E62D-4F79-AB19-688D05FA0444}</CreationName>
    </PipelineComponent>
    <PipelineComponent Identifier="Microsoft.SqlCEDestinationAdapter" Model=".NET">
      <CreationName>Microsoft.SqlServer.Dts.Pipeline.SqlCEDestinationAdapter, Microsoft.SqlServer.SqlCEDest, Version=13.0.0.0, Culture=neutral, PublicKeyToken=89845dcd8080cc91</CreationName>
    </PipelineComponent>
    <PipelineComponent Identifier="Microsoft.SQLPDWDestinationAdapter" Model=".NET">
      <CreationName>Microsoft.SqlServer.Dts.Pipeline.SQLPDWDestinationAdapter, Microsoft.SqlServer.ISSQLPDWDest, Version=13.0.0.0, Culture=neutral, PublicKeyToken=89845dcd8080cc91</CreationName>
    </PipelineComponent>
    <PipelineComponent Identifier="Microsoft.SQLServerDestination" Model="COM">
      <CreationName>DTSAdapter.SQLServerDestination.5</CreationName>
      <CreationName>{8AA67354-E39A-4951-8F52-D80D057E7BDC}</CreationName>
    </PipelineComponent>
    <PipelineComponent Identifier="Microsoft.TermExtraction" Model="COM">
      <CreationName>DTSTransform.TermExtraction.5</CreationName>
      <CreationName>{D05C7FBF-D6FC-4DE8-A846-D1601138DE7E}</CreationName>
    </PipelineComponent>
    <PipelineComponent Identifier="Microsoft.TermLookup" Model="COM">
      <CreationName>DTSTransform.TermLookup.5</CreationName>
      <CreationName>{558A2DA4-BD02-4154-B118-2E07F02A7FB8}</CreationName>
    </PipelineComponent>
    <PipelineComponent Identifier="Microsoft.UnionAll" Model="COM">
      <CreationName>DTSTransform.UnionAll.5</CreationName>
      <CreationName>{074239CC-EBF1-47E5-B8CA-0E0250A5E189}</CreationName>
    </PipelineComponent>
    <PipelineComponent Identifier="Microsoft.UnPivot" Model="COM">
      <CreationName>DTSTransform.UnPivot.5</CreationName>
      <CreationName>{7203EA76-3BE0-4E76-9B9C-5F524DE4C1F7}</CreationName>
    </PipelineComponent>
    <PipelineComponent Identifier="Microsoft.XmlSourceAdapter" Model=".NET">
      <CreationName>Microsoft.SqlServer.Dts.Pipeline.XmlSourceAdapter, Microsoft.SqlServer.XmlSrc, Version=13.0.0.0, Culture=neutral, PublicKeyToken=89845dcd8080cc91</CreationName>
      <TypeConverter name="XMLIntegerMapping">Microsoft.SqlServer.Dts.Pipeline.XmlSourceAdapter+XMLIntegerMappingConverter, Microsoft.SqlServer.XmlSrc, Version=13.0.0.0, Culture=neutral, PublicKeyToken=89845dcd8080cc91</TypeConverter>
    </PipelineComponent>
    <!-- DATA COLLECTOR -->
    <PipelineComponent Identifier="Microsoft.TxPerfCounters" Model="COM">
      <CreationName>DataCollectorTransform.TxPerfCounters.4</CreationName>
      <CreationName>{6C124659-105F-4631-B6FB-9E185BB1FF15}</CreationName>
    </PipelineComponent>
    <PipelineComponent Identifier="Microsoft.TxTopQueries" Model="COM">
      <CreationName>DataCollectorTransform.TxTopQueries.4</CreationName>
      <CreationName>{98CF38E4-7B22-4C17-A78E-2FB9A44AC706}</CreationName>
    </PipelineComponent>
  </PipelineComponents>
  <ConnectionManagers>
    <ConnectionManager Identifier="ADO" Model="COM">
      <CreationName>DTS.ConnectionManagerAdo.5</CreationName>
      <CreationName>{4696FBDD-C1BC-4009-AABD-D2AE31E24F0D}</CreationName>
    </ConnectionManager>
    <ConnectionManager Identifier="ADO.NET" Model="COM">
      <CreationName>DTS.ConnectionManagerAdoNet.5</CreationName>
      <CreationName>{5C9E27BC-DF64-48F1-855E-92EF415C638C}</CreationName>
    </ConnectionManager>
    <ConnectionManager Identifier="CACHE" Model="COM">
      <CreationName>DTS.ConnectionManagerCache.4</CreationName>
      <CreationName>{1090CB9C-6284-4C21-B90C-64EA62B1B51A}</CreationName>
    </ConnectionManager>
    <ConnectionManager Identifier="DQS" Model=".NET">
      <CreationName>Microsoft.Ssdqs.Component.DataQualityConnectionManager.Logic.DataQualityConnector, Microsoft.Ssdqs.Component.DataQualityConnectionManager, Version=13.0.0.0, Culture=neutral, PublicKeyToken=89845dcd8080cc91</CreationName>
    </ConnectionManager>
    <ConnectionManager Identifier="EXCEL" Model="COM">
      <CreationName>DTS.ConnectionManagerExcel.5</CreationName>
      <CreationName>{223D2E6E-492B-4866-9C9E-07FF3665D089}</CreationName>
    </ConnectionManager>
    <ConnectionManager Identifier="FILE" Model="COM">
      <CreationName>DTS.ConnectionManagerFile.5</CreationName>
      <CreationName>{950A1CA0-F2F8-4B43-AD9B-A788979E983D}</CreationName>
    </ConnectionManager>
    <ConnectionManager Identifier="FLATFILE" Model="COM">
      <CreationName>DTS.ConnectionManagerFlatFile.5</CreationName>
      <CreationName>{2FD600A5-1081-4B66-A6EC-842C5444EBAB}</CreationName>
    </ConnectionManager>
    <ConnectionManager Identifier="FTP" Model="COM">
      <CreationName>DTS.ConnectionManagerFtp.5</CreationName>
      <CreationName>{77C54CF7-5EC5-410D-8CC6-5D66B9D49C02}</CreationName>
    </ConnectionManager>
    <ConnectionManager Identifier="HTTP" Model="COM">
      <CreationName>DTS.ConnectionManagerHttp.5</CreationName>
      <CreationName>{000F5808-2DBF-4AEE-A68A-95855235535D}</CreationName>
    </ConnectionManager>
    <ConnectionManager Identifier="MSMQ" Model=".NET">
      <CreationName>Microsoft.SqlServer.Dts.ManagedConnections.MSMQConn, Microsoft.SqlServer.ManagedConnections, Version=13.0.0.0, Culture=neutral, PublicKeyToken=89845dcd8080cc91</CreationName>
    </ConnectionManager>
    <ConnectionManager Identifier="MSOLAP100" Model="COM">
      <CreationName>DTS.ConnectionManagerOlap.5</CreationName>
      <CreationName>{F4D9470A-E60A-4BAD-ACC6-2E3AA759E0BD}</CreationName>
    </ConnectionManager>
    <ConnectionManager Identifier="MSORA" Model="COM">
      <CreationName>AttunitySSISOraConnections.8</CreationName>
      <CreationName>{30176187-7F7D-4D65-8CA9-7E9CC3262DFE}</CreationName>
    </ConnectionManager>
    <ConnectionManager Identifier="MSTERA" Model="COM">
      <CreationName>AttunitySSISTeraConnections.8</CreationName>
      <CreationName>{14FC443F-2AEB-4748-B137-35FED8C590BB}</CreationName>
    </ConnectionManager>
    <ConnectionManager Identifier="MULTIFILE" Model="COM">
      <CreationName>DTS.ConnectionManagerMultiFile.5</CreationName>
      <CreationName>{13DFC6CE-ED0C-43E1-8753-F84D9BE3D0F0}</CreationName>
    </ConnectionManager>
    <ConnectionManager Identifier="MULTIFLATFILE" Model="COM">
      <CreationName>DTS.ConnectionManagerMultiFlatFile.5</CreationName>
      <CreationName>{D7E44A66-3BC2-4C31-81C7-197F1C89F46E}</CreationName>
    </ConnectionManager>
    <ConnectionManager Identifier="ODATA" Model=".NET">
      <CreationName>Microsoft.SqlServer.IntegrationServices.OData.ODataConnectionManager, Microsoft.SqlServer.IntegrationServices.ODataConnectionManager, Version=13.0.0.0, Culture=neutral, PublicKeyToken=89845dcd8080cc91</CreationName>
    </ConnectionManager>
    <ConnectionManager Identifier="ODBC" Model="COM">
      <CreationName>DTS.ConnectionManagerOdbc.5</CreationName>
      <CreationName>{1EABA520-CAC6-4134-ACC1-C8B2ED261247}</CreationName>
    </ConnectionManager>
    <ConnectionManager Identifier="OLEDB" Model="COM">
      <CreationName>DTS.ConnectionManagerOleDb.5</CreationName>
      <CreationName>{96A2155A-6C39-4F46-B5A4-EC0B63FA0655}</CreationName>
    </ConnectionManager>
    <ConnectionManager Identifier="SAPBI" Model=".NET">
      <CreationName>Microsoft.SqlServer.Dts.SapBw.ConnectionManager.SapBwConnectionManager, Microsoft.SqlServer.SapBiConnectionManager, Version=13.0.0.0, Culture=neutral, PublicKeyToken=89845dcd8080cc91</CreationName>
    </ConnectionManager>
    <ConnectionManager Identifier="SMOServer" Model=".NET">
      <CreationName>Microsoft.SqlServer.Dts.ManagedConnections.SMOServerConn, Microsoft.SqlServer.ManagedConnections, Version=13.0.0.0, Culture=neutral, PublicKeyToken=89845dcd8080cc91</CreationName>
    </ConnectionManager>
    <ConnectionManager Identifier="SMTP" Model=".NET">
      <CreationName>Microsoft.SqlServer.Dts.ManagedConnections.SMTPConn, Microsoft.SqlServer.ManagedConnections, Version=13.0.0.0, Culture=neutral, PublicKeyToken=89845dcd8080cc91</CreationName>
    </ConnectionManager>
    <ConnectionManager Identifier="SQLMOBILE" Model="COM">
      <CreationName>DTS.ConnectionManagerSqlMobile.5</CreationName>
      <CreationName>{1FDE27EE-C329-412B-BE24-F31A93E40127}</CreationName>
    </ConnectionManager>
    <ConnectionManager Identifier="WMI" Model=".NET">
      <CreationName>Microsoft.SqlServer.Dts.ManagedConnections.WMIConn, Microsoft.SqlServer.ManagedConnections, Version=13.0.0.0, Culture=neutral, PublicKeyToken=89845dcd8080cc91</CreationName>
    </ConnectionManager>
    <ConnectionManager Identifier="M" Model=".NET">
      <CreationName>Microsoft.SqlServer.IntegrationServices.MConnectionManager.MConnectionManager, Microsoft.SqlServer.IntegrationServices.MConnectionManager, Version=13.0.0.0, Culture=neutral, PublicKeyToken=89845dcd8080cc91</CreationName>
    </ConnectionManager>
  </ConnectionManagers>
  <Enumerators>
    <Enumerator Identifier="Microsoft.ForEachADOEnumerator" Model=".NET">
      <CreationName>Microsoft.SqlServer.Dts.Runtime.Enumerators.ADO.ForEachADOEnumerator, Microsoft.SqlServer.ForEachADOEnumerator, Version=13.0.0.0, Culture=neutral, PublicKeyToken=89845dcd8080cc91</CreationName>
    </Enumerator>
    <Enumerator Identifier="Microsoft.ForEachFileEnumerator" Model="COM">
      <CreationName>DTS.ForEachFileEnumerator.5</CreationName>
      <CreationName>{35FB032B-034F-4C4B-B418-914FEFE2304B}</CreationName>
    </Enumerator>
    <Enumerator Identifier="Microsoft.ForEachFromVarEnumerator" Model=".NET">
      <CreationName>Microsoft.SqlServer.Dts.Runtime.Enumerators.FromVar.ForEachFromVarEnumerator, Microsoft.SqlServer.ForEachFromVarEnumerator, Version=13.0.0.0, Culture=neutral, PublicKeyToken=89845dcd8080cc91</CreationName>
    </Enumerator>
    <Enumerator Identifier="Microsoft.ForEachItemEnumerator" Model="COM">
      <CreationName>DTS.ForEachItemEnumerator.5</CreationName>
      <CreationName>{4F58AD81-4DA3-40EB-8212-D430A472E121}</CreationName>
    </Enumerator>
    <Enumerator Identifier="Microsoft.ForEachNodeListEnumerator" Model=".NET">
      <CreationName>Microsoft.SqlServer.Dts.Runtime.Enumerators.NodeList.ForEachNodeListEnumerator, Microsoft.SqlServer.ForEachNodeListEnumerator, Version=13.0.0.0, Culture=neutral, PublicKeyToken=89845dcd8080cc91</CreationName>
    </Enumerator>
    <Enumerator Identifier="Microsoft.ForEachSchemaRowsetEnumerator" Model=".NET">
      <CreationName>Microsoft.SqlServer.Dts.Runtime.Enumerators.ADO.ForEachSchemaRowsetEnumerator, Microsoft.SqlServer.ForEachADOEnumerator, Version=13.0.0.0, Culture=neutral, PublicKeyToken=89845dcd8080cc91</CreationName>
    </Enumerator>
    <Enumerator Identifier="Microsoft.ForEachSMOEnumerator" Model=".NET">
      <CreationName>Microsoft.SqlServer.Dts.Runtime.Enumerators.SMO.ForEachSMOEnumerator, Microsoft.SqlServer.ForEachSMOEnumerator, Version=13.0.0.0, Culture=neutral, PublicKeyToken=89845dcd8080cc91</CreationName>
    </Enumerator>
    <!-- DATA COLLECTOR -->
    <Enumerator Identifier="Microsoft.ForEachDbEnumerator" Model="COM">
      <CreationName>DC.ForEachDbEnumerator.4</CreationName>
      <CreationName>{A9F45E0D-8CB8-43A1-9856-9E98B638EDB8}</CreationName>
    </Enumerator>
    <Enumerator Identifier="Microsoft.ForEachEventEnumerator" Model="COM">
      <CreationName>DC.ForEachEventEnumerator.4</CreationName>
      <CreationName>{7CBC6EDE-4356-451F-AE6C-0BFE72EA8A78}</CreationName>
    </Enumerator>
  </Enumerators>
  <LogProviders>
    <LogProvider Identifier="Microsoft.LogProviderEventLog" Model="COM">
      <CreationName>DTS.LogProviderEventLog.5</CreationName>
      <CreationName>{CFE49DCA-F092-448F-BFD7-1FCE3DCCFA8F}</CreationName>
    </LogProvider>
    <LogProvider Identifier="Microsoft.LogProviderSQLProfiler" Model="COM">
      <CreationName>DTS.LogProviderSQLProfiler.5</CreationName>
      <CreationName>{D5ACEF69-2558-42E0-9273-3C443FCAE9F6}</CreationName>
    </LogProvider>
    <LogProvider Identifier="Microsoft.LogProviderSQLServer" Model="COM">
      <CreationName>DTS.LogProviderSQLServer.5</CreationName>
      <CreationName>{9558A248-545E-4EEF-8360-3149BA29FF43}</CreationName>
    </LogProvider>
    <LogProvider Identifier="Microsoft.LogProviderTextFile" Model="COM">
      <CreationName>DTS.LogProviderTextFile.5</CreationName>
      <CreationName>{218D90AE-30F3-46BA-A5CE-D4872688DAD4}</CreationName>
    </LogProvider>
    <LogProvider Identifier="Microsoft.LogProviderXMLFile" Model="COM">
      <CreationName>DTS.LogProviderXMLFile.5</CreationName>
      <CreationName>{F9EC8DD0-598D-4DC6-AC74-8D8675E77680}</CreationName>
    </LogProvider>
  </LogProviders>
</Extensions>